,0,1,2
0,3.790392933855255e-18,6.0336124454836855e-12,-4.671808897103076e-12
1,-5.970593627061813e-17,-6.745529894618957e-12,-8.986927945467556e-12
2,8.088159618414265e-17,9.80406585082915e-12,-6.75383493486301e-12
3,5.844991098675926e-17,8.005280292834363e-12,-5.515040792559671e-12
4,-5.096366445062688e-17,-5.523686488638282e-12,-7.35856020599417e-12
5,8.432335439123709e-18,-6.555753564976096e-12,-8.479024228856457e-12
6,0.0,0.0,0.0
7,-1.0767858104049367e-16,-4.4867999516234185e-12,-6.659807366863172e-15
8,7.630433409496897e-17,9.806378515798778e-12,-6.755440465027573e-12
9,2.862814815121709e-17,-2.2734221220467142e-11,7.163206463239719e-12
10,4.169204638020364e-17,-3.216977074536626e-11,1.0136246385454487e-11
11,-6.085678360704596e-17,1.2696093265267441e-11,-3.1444838247276255e-12
12,0.0,0.0,0.0
13,4.483240537192472e-17,-3.943268701652167e-11,1.2424686881659307e-11
14,-3.165648802795811e-19,4.817622826920361e-12,6.731060773817933e-12
15,-1.1266793023729239e-15,7.564714349838011e-14,-6.8624535103039535e-12
16,6.801120071708179e-17,-1.2660472914913687e-11,6.725061022436153e-12
17,4.946052443346962e-12,-1.168680308599943e-11,1.6847348525217696e-12
18,6.056515642252662e-12,-1.4310475814400426e-11,2.0629227319578566e-12
19,6.052832303800998e-12,-1.4301805654691564e-11,2.061609973926551e-12
20,3.4923913133398922e-12,-8.251982901503502e-12,1.189496276527902e-12
21,3.180596871523385e-17,-3.2200247702929286e-11,1.0145455954918619e-11
22,3.050115553385205e-17,-2.2751725881423692e-11,7.168476836417471e-12
23,6.051568702953901e-12,-1.4298886361978792e-11,2.061370932912395e-12
24,0.0,0.0,0.0
25,4.094658848533814e-17,-3.941280358578823e-11,1.2417899193276904e-11
26,4.1558162005096235e-13,-3.12261805178484e-11,3.028730941990666e-11
27,4.1703921730859645e-17,-3.218108521277196e-11,1.0139313487889909e-11
28,5.014113957616136e-17,-3.9389766046275256e-11,1.2410632118985616e-11
29,4.599151877960574e-17,5.654402664157096e-12,-3.8952999025398614e-12
30,2.401081780614455e-13,-1.8049358510710738e-11,1.750681903089683e-11
31,-1.0709126542999271e-16,-2.5899840639115423e-12,-3.710680059539302e-15
32,0.0,0.0,0.0
33,-1.8233470784463404e-16,-4.487987705994959e-12,-6.394111248015863e-15
34,-2.209592707896319e-11,7.925687559394858e-12,-1.3163781587346634e-11
35,-7.63596789163463e-17,-6.760734491281405e-12,-9.006445703045992e-12
36,1.086520394525038e-11,2.7944299355406703e-11,1.5550693737927453e-11
37,-1.4371980901436825e-16,-3.660317132284365e-12,-5.5995565779814135e-15
38,6.184302248306845e-17,9.80280640681838e-12,-6.752888604375708e-12
39,6.573277314538164e-17,7.997373492971641e-12,-5.509156920435734e-12
40,-5.259900816569587e-12,-2.279504009283186e-11,1.994303595737849e-14
41,5.107587857040113e-17,-1.03422113020572e-11,5.4932892497738355e-12
42,-2.6680495316327295e-10,2.4233731995754573e-08,-2.4150439725917306e-09
43,0.0,0.0,0.0
44,8.704281029278038e-12,-7.280083928534767e-11,4.134457332185772e-11
45,8.70759262898811e-12,-7.282865625166405e-11,4.1360347222117226e-11
46,6.060466066389803e-12,-1.4319063898052697e-11,2.0652952014278876e-12
47,6.061960975649403e-12,-1.4322409959328913e-11,2.065894449301438e-12
48,5.023884013266605e-12,-4.20184576767191e-11,2.3862896423095533e-11
49,4.94427077117584e-12,-1.1681816330885125e-11,1.6850799161807874e-12
50,7.090870869308416e-12,-5.930645745393387e-11,3.368084539836836e-11
51,-2.6675645849361106e-10,2.4229326501920526e-08,-2.4146047946845115e-09
52,6.056740073776815e-12,-1.4310494637719898e-11,2.0641230666435012e-12
53,-2.6676410825470684e-10,2.4230021234548346e-08,-2.414674169419973e-09
54,4.94176910459574e-12,-1.1676747699351856e-11,1.6834506956226027e-12
55,4.5992692898474645e-17,-3.940962615839757e-11,1.2417406010675822e-11
56,2.964831400222691e-17,-7.306298874926945e-12,3.880822333586786e-12
57,4.4624006967988413e-17,-3.219484685130119e-11,1.0143923042207503e-11
58,3.2090292846780916e-17,-3.21823227021988e-11,1.0139848386096289e-11
59,3.601239848476491e-17,-3.2170910398073916e-11,1.0136237440986257e-11
60,-8.718543855364099e-14,-2.4223517744406674e-11,1.6428946562691835e-11
61,6.199243569772434e-17,8.00423936448094e-12,-5.513890435461482e-12
62,7.313078679707064e-17,9.803171666011065e-12,-6.7532164884401766e-12
63,6.343147445221751e-17,8.00480275652146e-12,-5.514062150255841e-12
64,2.5591971674832372e-17,-2.2754690275522232e-11,7.169678810818186e-12
65,-2.283421332399064e-16,-5.432698116006393e-13,4.8967984005893345e-12
66,-5.708253545051348e-17,-5.512358386660058e-12,-7.344135779772416e-12
67,6.842166212225213e-17,9.797395307240782e-12,-6.748801072153404e-12
68,1.4935218068115754e-13,-1.4046176664063766e-10,1.4648217022185428e-10
69,-1.2328604577367676e-13,-3.425118296279021e-11,2.322975042399888e-11
70,1.4938091038542463e-13,-1.4051113338139974e-10,1.4653334284604554e-10
71,1.2191976358767365e-13,-1.1466638647012977e-10,1.1958065014431274e-10
72,1.494255528566134e-13,-1.4044050969097034e-10,1.4645911203017106e-10
73,1.4934220624686807e-13,-1.404668306718691e-10,1.464867308350748e-10
74,1.4941239983640505e-13,-1.404971656138843e-10,1.4651884486017765e-10
75,1.4940210615273282e-13,-1.4050770198765556e-10,1.4652966631333647e-10
76,0.0,0.0,0.0
77,5.6092993559516303e-14,-3.5185495731132927e-12,-6.7417607916580404e-12
78,1.2185581067769542e-13,-1.1460846994339506e-10,1.1952077420637713e-10
79,7.360789069061866e-17,9.800026459990815e-12,-6.751090436023222e-12
80,-5.0733102093646374e-17,-5.5138703759035765e-12,-7.345569354864155e-12
81,-6.134580075273703e-17,-6.7647813971884585e-12,-9.011896641966662e-12
82,3.499897092849672e-17,5.653026052983596e-12,-3.8938172302992765e-12
83,6.879352068114157e-17,9.79435933198852e-12,-6.74676897524512e-12
84,6.408996874995941e-17,8.004627543656467e-12,-5.514016093575701e-12
85,7.390805461777199e-17,9.806863003809545e-12,-6.75564615839986e-12
86,6.655747711029596e-17,9.796591000112034e-12,-6.748612261134023e-12
87,6.696886029135516e-17,9.808594961041421e-12,-6.756944817396152e-12
88,6.631985930076979e-17,8.000336686826651e-12,-5.5114749419022804e-12
89,0.0,0.0,0.0
90,-1.2329506812307916e-13,-3.4254191298132023e-11,2.323162032454186e-11
91,4.942698638746179e-12,-1.1679083330872852e-11,1.6839116461566394e-12
92,3.966590100470414e-17,-3.942338650192595e-11,1.2421732021034275e-11
93,-5.128054871021802e-12,4.764906447265368e-12,-1.3493699016058596e-12
94,6.443537625451932e-17,8.002217329877814e-12,-5.512679471598419e-12
95,4.651606338467849e-17,-3.943453786697415e-11,1.2425219741805463e-11
96,-6.281603810810247e-12,5.836889264123874e-12,-1.6534553249438879e-12
97,7.075498955815943e-17,-1.2664104072871391e-11,6.726646902719792e-12
98,5.613674789974404e-17,-1.2664113751702289e-11,6.72885677650513e-12
99,9.362466479885382e-16,-1.112314550841548e-11,2.0746735074460952e-11
100,-1.8155999586983786e-09,8.68581808131846e-09,4.156096182969009e-09
101,7.087585807977867e-17,-1.0342428574151615e-11,5.494306716157981e-12
102,-1.549407366296188e-11,-4.603203700884729e-11,-2.7142452406365332e-11
103,1.333097197230124e-11,3.428561075171723e-11,1.907924446201518e-11
104,-1.9133232129734102e-16,-4.48972901160452e-12,-6.527358873484459e-15
105,-6.444712451243133e-12,-2.7926550222964666e-11,2.305407321649219e-14
106,-1.5733627022557186e-16,-3.6644091533444334e-12,-5.621407137213442e-15
107,1.5035763734362383e-12,-2.577405231680945e-11,6.862566285937056e-11
108,-7.391322386560915e-12,1.1753630102311181e-11,-2.7851957082848424e-11
109,0.0,0.0,0.0
110,-9.292872282847982e-12,2.6746590374151503e-12,9.830319245130278e-12
111,-1.3153925167858757e-11,3.785307272994573e-12,1.3914726941833319e-11
112,4.530696850063948e-17,5.6468455733232405e-12,-3.890513969494311e-12
113,-3.13541336098908e-13,-3.5197957078243895e-11,1.4090781733322387e-11
114,1.0881286868884482e-11,2.7985280643947955e-11,1.557313755995072e-11
115,1.0884254646249184e-11,2.799305803679704e-11,1.557759082500503e-11
116,-2.216268460715939e-13,-2.487994669892772e-11,9.960004005401566e-12
117,-3.136918875697156e-13,-3.5217658911876464e-11,1.4098804232891669e-11
118,-2.2162187927376146e-13,-2.488607252610383e-11,9.962901616374791e-12
119,-3.1368223630301605e-13,-3.522183365574212e-11,1.4100518870832796e-11
120,1.0875732106748956e-11,2.7971215212606102e-11,1.5565675830803013e-11
121,-1.9490147353177708e-08,-6.25485238378185e-08,-0.5000088901416531
122,0.0,0.0,0.0
123,-1.9488975707177377e-08,-6.254476363700239e-08,-0.49997883133981774
124,-3.136311049743393e-13,-3.520948688426715e-11,1.4095584029210376e-11
125,-6.446364488466542e-12,-2.7933666653944904e-11,2.3097966756293178e-14
126,-1.949174719521282e-08,-6.25536579011406e-08,-0.5000499315565357
127,-3.137167739454463e-13,-3.521352922121811e-11,1.4097112596411833e-11
128,0.0,0.0,0.0
129,7.682224324531394e-12,1.9757931088729777e-11,1.0995154437664811e-11
130,-1.94883330247794e-08,-6.254270104825379e-08,-0.49996234252352867
131,-1.5512255789145206e-16,-3.665301551136218e-12,-5.510737030180891e-15
132,-1.3154375955055318e-11,3.785634099654439e-12,1.391535682618749e-11
133,5.5887326598305275e-12,-3.501182729483645e-12,-1.0201182256814897e-11
134,0.0,0.0,0.0
135,-9.306136671459712e-12,2.677933997040095e-12,9.844283778446674e-12
136,-1.611073992442979e-11,4.636232407821583e-12,1.704232615632342e-11
137,-1.610890487945931e-11,4.635773628089578e-12,1.7040329661358875e-11
138,5.588810167779547e-12,-3.5010535526737817e-12,-1.02010267878059e-11
139,-1.314827129338705e-11,3.7840570404557524e-12,1.3908954062255092e-11
140,-1.6110092534295963e-11,4.63608653930033e-12,1.7041434394839512e-11
141,0.0,0.0,0.0
142,3.950721417033754e-12,-2.4749101144765477e-12,-7.21136942550768e-12
143,0.0,0.0,0.0
144,6.8381646642976475e-12,-4.283788231343268e-12,-1.2481548855830482e-11
145,-5.226397369430735e-12,8.310851366557561e-12,-1.969374092620375e-11
146,2.6044549396146827e-12,-4.464627840801875e-11,1.1887507448260208e-10
147,-1.658304363909449e-11,1.662720527412947e-11,4.060726924308846e-11
148,-5.227771950376938e-12,8.313240167693057e-12,-1.9698873522294446e-11
149,-1.0842935199254316e-11,1.6884705274314866e-12,-1.9344634422153765e-11
150,-1.0949012802396346e-11,2.4397361685188307e-11,1.035953496421613e-11
151,0.0,0.0,0.0
152,2.604273653957084e-12,-4.464194624704078e-11,1.1886371577348015e-10
153,-1.0954368321337413e-11,2.4408801004857426e-11,1.0365169853452274e-11
154,8.341426618175785e-12,-8.073802487014026e-12,5.676546430958069e-12
155,2.63392417702528e-18,-6.551199571783382e-12,-8.472763602202417e-12
156,-1.3163275652009513e-11,-4.04657941176967e-11,4.1587544042751755e-12
157,-8.625438768164163e-13,1.1030741164223175e-11,-1.0904364443427845e-11
158,0.0,0.0,0.0
159,1.8568747123594728e-09,2.702357779163155e-09,-2.9883628653125337e-09
160,-8.069673237916043e-17,-6.7436194728733045e-12,-8.984208802996117e-12
161,0.0,0.0,0.0
162,7.242967354653742e-13,-9.107253304144924e-12,1.956877344289013e-11
163,1.3612379269950264e-16,-7.306733443304517e-12,3.8882643739439645e-12
164,7.24006540653968e-13,-9.103661856307057e-12,1.9560656419119432e-11
165,-6.509346434089746e-12,-3.514146036959284e-11,-1.3528985444206265e-11
166,5.407796883793559e-17,-1.2675350121202346e-11,6.7451312860703955e-12
167,7.241107004266107e-13,-9.105405475025448e-12,1.9564469728737124e-11
168,1.075770315588001e-12,-5.221996241455823e-12,1.0271092181817046e-11
169,1.5956876878819036e-17,-6.5617675054674066e-12,-8.486943571496213e-12
170,-9.088266740082713e-16,6.166753598797736e-14,-5.597658190803211e-12
171,1.8582055926608801e-09,2.704294047107006e-09,-2.990504708563835e-09
172,7.238694389518073e-13,-9.102548664137366e-12,1.9558133919546097e-11
173,-8.486886893173034e-14,-3.9798927106048674e-13,3.4084221289355227e-12
174,1.856845823486968e-09,2.7023156534177962e-09,-2.988316043021709e-09
175,0.0,0.0,0.0
176,-9.052144466612736e-12,1.4394681340009136e-11,-3.410969070350602e-11
177,-7.391855614138597e-12,1.1754420867041834e-11,-2.785360697156291e-11
178,-7.978923586777746e-12,-4.307514566445361e-11,-1.6583167226190608e-11
179,1.2567318979794122e-12,-1.8774670041440534e-10,-1.671189040805445e-09
180,1.8575373963761248e-09,2.7033216452643797e-09,-2.989428953998802e-09
181,-5.942349165370214e-13,1.7809456924038487e-12,9.759223854563505e-12
182,0.0,0.0,0.0
183,3.340277530488484e-11,-2.681418318320302e-11,4.091697258890993e-12
184,-8.685236919145168e-12,1.678185015326909e-11,3.430867184323949e-11
185,-1.5042760392353495e-11,2.9065968344529945e-11,5.94222849224065e-11
186,-1.5041623853267453e-11,2.906353619616601e-11,5.941762593721627e-11
187,-1.228098055118901e-11,2.3729454527710615e-11,4.8512422330213975e-11
188,5.904245181160246e-13,-7.425151453017779e-12,1.5953319909327134e-11
189,1.4954719553020443e-07,0.4999993294568021,-1.33922972864204e-07
190,1.9297737639790402e-11,-1.5491468051115517e-11,2.364101590662061e-12
191,-1.3724420475491805e-11,8.89437671899158e-12,-5.686795147708395e-12
192,-8.942094902962385e-12,1.9924964086451402e-11,8.46126378638014e-12
193,-1.124753775043858e-18,2.2006744658135693e-11,-5.4505332269136505e-12
194,7.239740054391266e-13,-9.10365737334328e-12,1.9560885205619554e-11
195,-3.0638043436187033e-13,-1.7062783297962724e-12,-6.973174683673864e-12
196,7.014395688963587e-17,4.077673374258218e-12,1.112666243887497e-12
197,-3.720599781637088e-12,-1.6122469225747776e-11,1.3248197081362552e-14
198,5.2905694090320226e-17,-1.0357747984752582e-11,5.501616782176434e-12
199,2.1265372756329697e-12,-3.645325662368679e-11,9.706049433675891e-11
200,-1.504113922879129e-11,2.9062623997941988e-11,5.941588121347207e-11
201,0.0,0.0,0.0
202,7.062842065877369e-17,-1.2673916055082936e-11,6.745005374760958e-12
203,1.7566722146807055e-12,-1.2275016209481865e-11,-6.985125669743435e-11
204,-7.392584903776365e-12,1.175574797030187e-11,-2.785631511306071e-11
205,-1.678831508480349e-11,-4.987713958693989e-11,-2.940951066489783e-11
206,1.1720086372538682e-17,-5.3527876436461225e-12,-6.922991635166947e-12
207,4.501151967476644e-13,1.5333994513700278e-11,-9.824035971677998e-12
208,0.0,0.0,0.0
209,-1.3146859614551513e-11,3.7831242959923594e-12,1.390755290920798e-11
210,-6.288025600496977e-13,-2.7165250860841983e-12,-4.919098986104726e-12
211,-6.288147532472944e-13,-2.7164549201284945e-12,-4.9191949313835715e-12
212,7.076030492421819e-13,4.6919101123438866e-11,-4.036347973750176e-11
213,4.2595987294614365e-18,6.022967588913223e-12,-4.663566929596764e-12
214,4.1652305583021026e-13,-5.237401975641525e-12,1.1253922723514792e-11
215,-1.37189441681609e-11,8.891215582908553e-12,-5.684434760895062e-12
216,-2.31175659939489e-12,-1.3641181237750737e-11,7.721069973521173e-13
217,2.3958353119968733e-13,-1.8001715036346856e-11,1.7460291723709446e-11
218,-2.1326270611158728e-18,4.0794151883795e-12,1.1132414055521427e-12
219,2.8714962288320087e-17,-7.318129227782166e-12,3.8983036480424946e-12
220,-3.063589986590273e-13,-1.7063003671065261e-12,-6.973164584278232e-12
221,-7.391354616647318e-12,1.175360618747096e-11,-2.7851758772202134e-11
222,-1.0959261494505752e-11,2.4419874376773208e-11,1.0369610053273252e-11
223,-2.5010034118170156e-11,2.2368521069157745e-12,9.542337338652704e-12
224,-2.3117941374437103e-12,-1.3641096414380377e-11,7.720570027303067e-13
225,1.3971740078587997e-17,-5.351671850222807e-12,-6.921414019475578e-12
226,1.9278227334732097e-11,-1.547515038721639e-11,2.3615642825367163e-12
227,1.2584064250934242e-17,1.271493183243301e-11,-3.149167584475361e-12
228,-1.1724783962563497e-11,1.1755897895595136e-11,2.871066245391689e-11
229,7.237129120531467e-13,-9.100021944827767e-12,1.95534133610355e-11
230,-7.390626957818852e-12,1.1752369603923911e-11,-2.784870482960306e-11
231,-1.6581985462211635e-11,1.662604766873521e-11,4.060464744720705e-11
232,1.4955166994620773e-07,0.5000142890962819,-1.339269796923565e-07
233,6.8098725095681405e-12,-6.591244551185822e-12,4.634318225961976e-12
234,-4.234238707842609e-11,2.0610153000131423e-11,-1.5738862614016658e-11
235,-8.855332045383994e-12,1.3791261101894735e-12,-1.5797962632799598e-11
236,-5.258251353883988e-12,-2.278744922132033e-11,1.993951701128166e-14
237,-5.938047957557358e-13,1.7806458618213544e-12,9.751778350881601e-12
238,-8.855419178972073e-12,1.378869870908399e-12,-1.579893219415241e-11
239,-1.1726254086288739e-11,1.1757425610958581e-11,2.871444113316356e-11
240,-5.123912535602436e-12,4.760927528450058e-12,-1.3483230553372474e-12
241,-2.6070033793271628e-17,-7.313344610224037e-12,3.8934881887495985e-12
242,-7.391363225264802e-12,1.1753605640103899e-11,-2.7851852737675113e-11
243,-8.939960442776671e-17,-1.2676074707963241e-11,6.745706345792019e-12
244,5.907920684968683e-13,-7.428691040193372e-12,1.596207539731698e-11
245,1.8860102729861875e-18,5.7679453924709944e-12,1.5738981709349363e-12
246,-8.781611706148238e-13,1.5815304259236145e-12,-4.2333891757338065e-12
247,-4.375344898420353e-13,2.1146442420184542e-11,-3.030353820999421e-11
248,1.5434226202631133e-12,3.5441979115187286e-11,-2.0605732355207626e-11
249,1.2583600567544434e-12,2.8896806425665088e-11,-1.6800481144154028e-11
250,-7.749227650790655e-17,-1.2653358800735879e-11,6.731508110653343e-12
251,9.288230725315847e-17,-1.267880506573938e-11,6.739572426047675e-12
252,2.2518690085760706e-16,-1.266027151878919e-11,6.7366426103296366e-12
253,4.1789629858362864e-13,-5.254940760242962e-12,1.1290303990596207e-11
254,7.234415720241095e-13,-9.097705151307729e-12,1.95465095648129e-11
255,7.707420183929795e-17,-1.0349278710720221e-11,5.501616642944818e-12
256,4.1759834272870166e-13,-5.252128935423803e-12,1.1284455646521554e-11
257,2.1547017216393153e-17,-6.551633947980616e-12,-8.473509214266165e-12
258,8.538318748419654e-17,1.7940046682992533e-11,-4.443489549700579e-12
259,1.92976417299991e-11,-1.549150737308024e-11,2.3641639475814703e-12
260,5.903228046684874e-13,-7.423001321366579e-12,1.5950206133058683e-11
261,-1.4678872595923673e-11,1.132834592601886e-11,-5.023212289251531e-11
262,7.477330674057263e-18,-6.562410056859609e-12,-8.488175688417e-12
263,0.0,0.0,0.0
264,-7.393620167011732e-12,1.1757064188848794e-11,-2.7859924791716878e-11
265,-9.110467946086693e-12,2.953234414561329e-11,-1.4613705571859915e-11
266,5.777055205461299e-13,3.831038697995691e-11,-3.295737653195031e-11
267,-9.054191958635758e-12,1.4397694384590765e-11,-3.41171611721811e-11
268,9.249976456602906e-12,1.640445345712215e-11,3.771732152691262e-11
269,5.770203973274523e-13,3.826107014219357e-11,-3.291553092060336e-11
270,8.638804585029558e-17,-1.2662537206147715e-11,6.734704320582289e-12
271,5.126048347308974e-18,1.793753509774863e-11,-4.4428053753851046e-12
272,0.0,0.0,0.0
273,7.06969057902457e-13,4.68809725926952e-11,-4.0329830341056444e-11
274,-1.9811807838500032e-12,8.781088488483727e-12,-1.1966528298345716e-11
275,-1.3287550237301435e-11,-1.5286127222177704e-12,-1.3192846549626061e-11
276,-6.442731775000031e-12,2.0884642351450794e-11,-1.0334501851830744e-11
277,6.540634222213337e-12,1.159952967719845e-11,2.6669792633652764e-11
278,-7.393397286360129e-12,1.17566819779067e-11,-2.7859060304138438e-11
279,1.1329005034249123e-11,2.0091593562568824e-11,4.619477776771143e-11
280,-8.406543666526932e-13,2.519641093298125e-12,1.3806412487774517e-11
281,-9.053516166451993e-12,1.4396639353906863e-11,-3.411455822839819e-11
282,1.1329769343557829e-11,2.0092897335119996e-11,4.6197676215812064e-11
283,0.0,0.0,0.0
284,1.133025405197566e-11,2.009364928147295e-11,4.619942570281376e-11
285,2.1512903747131158e-12,-1.5032257161398343e-11,-8.554103630497832e-11
286,2.1509670754243978e-12,-1.5030321738589026e-11,-8.552968291069443e-11
287,9.250344922481322e-12,1.6405164023404124e-11,3.771884023573982e-11
288,2.150940775850866e-12,-1.503001555946241e-11,-8.552688790854579e-11
289,-1.029538458655667e-12,3.085727542823042e-12,1.6907907281014053e-11
290,2.1513568259070104e-12,-1.5032889031190563e-11,-8.554507823798147e-11
291,5.777333792657588e-13,3.830805666077191e-11,-3.295464089173873e-11
292,2.151297469290629e-12,-1.503248747091935e-11,-8.554183889105857e-11
293,-1.0294978757864716e-12,3.0857567357007655e-12,1.690694510109401e-11
294,-1.0292811559389093e-12,3.085195505956174e-12,1.6902890038748005e-11
295,-1.0950759549670576e-11,2.440104300381986e-11,1.0361454902559155e-11
296,7.242126632297904e-13,-9.106967913123808e-12,1.9567585036871946e-11
297,6.528311345106354e-17,-1.2677948607733573e-11,6.7465511894610344e-12
298,7.42869264618728e-17,-1.2664459292514998e-11,6.74627562617554e-12
299,-5.761992899473713e-13,-1.028846647265416e-11,-3.4930306178698433e-12
300,3.259974603756549e-17,-4.83449198546004e-12,-1.0600101636044043e-11
301,4.266619126870486e-12,1.1744792633374522e-11,1.1681274291868439e-11
302,-4.559619501063757e-12,-2.4615527920568484e-11,-9.476871281753634e-12
303,-5.260391549907021e-12,-2.2796893755997586e-11,1.937950393031056e-14
304,-6.438481690975345e-12,-2.790248867725174e-11,2.362096613854774e-14
305,5.5841032321742395e-12,-3.498173109338409e-12,-1.0192610235411756e-11
306,6.115226515401436e-17,-7.315028057486205e-12,3.890478558285424e-12
307,3.91587553768946e-13,-1.0298144256313143e-11,2.7623571494442562e-11
308,0.0,0.0,0.0
309,-7.38971947431057e-12,1.1750936772515953e-11,-2.7845026728359287e-11
310,-5.2247636465501085e-12,8.308416180330136e-12,-1.96876003806564e-11
311,-7.391400949557356e-12,1.1753409404182426e-11,-2.7851036564453018e-11
312,-2.2919386140237834e-12,-2.1221389717068603e-11,-1.0061934327402766e-11
313,0.0,0.0,0.0
314,0.0,0.0,0.0
315,-1.9811586782966747e-12,8.781009506447224e-12,-1.1966499737802213e-11
316,-6.316515239117283e-12,1.4074955138196959e-11,5.9763932252392995e-12
317,-3.618853345251732e-11,-1.0765846819643889e-11,6.006855443638849e-13
318,1.538627459520032e-12,3.533296093679088e-11,-2.054232487708021e-11
319,1.0253471670107732e-11,-4.074280830676188e-12,-1.9625938648525975e-11
320,0.0,0.0,0.0
321,-5.258042267476276e-12,-2.278648088267314e-11,1.954522832164748e-14
322,0.0,0.0,0.0
323,0.0,0.0,0.0
324,-1.3813778092191291e-11,4.6835062887632415e-11,8.05565674492702e-12
325,-1.3812386946468257e-11,4.683000069656214e-11,8.054609718538005e-12
326,-1.3812733205746346e-11,4.6830880477009273e-11,8.054597639391047e-12
327,-3.549683142690868e-11,1.6806250142150667e-11,-3.0175564587020433e-12
328,1.1427321412999742e-11,-9.609222249595023e-14,-5.391638397323956e-13
329,6.910851008966546e-18,-3.7825287317024956e-12,-4.892248767798402e-12
330,-1.817906153341352e-09,8.69685061400965e-09,4.161375314068811e-09
331,-1.944006132083238e-11,1.259855996987177e-11,-8.054495738087717e-12
332,5.768045430650705e-13,3.8250341201475755e-11,-3.29065572611689e-11
333,-1.0565240238723613e-12,1.3511927086887019e-11,-1.3357058153754394e-11
334,1.4842119710357422e-17,-5.355747095062657e-12,-6.927034943276117e-12
335,5.0623653433823646e-12,5.86404330207329e-13,-2.6344558891474666e-13
336,-6.41071412293765e-16,4.364599257555671e-14,-3.9591897615587384e-12
337,6.509377747799349e-13,-1.6782731115269643e-11,1.0409089752744663e-12
338,1.1875842513968384e-18,2.2027101968658076e-11,-5.455541342500248e-12
339,1.7755293412886e-17,-7.326278784076315e-12,3.891465320790201e-12
340,6.509511020063508e-13,-1.678260355579102e-11,1.0409480298209714e-12
341,-6.088959991568134e-13,7.786926395260936e-12,-7.697902740557718e-12
342,-1.9052528302975124e-11,1.2347286965329864e-11,-7.893836287546401e-12
343,6.829296799841699e-17,-1.2664325943377501e-11,6.746042062202901e-12
344,-2.500089229936384e-11,2.2360839178769714e-12,9.539116025322884e-12
345,-1.1715362450546703e-12,-1.2662042148827797e-11,-3.725412453181309e-12
346,-6.259598882517081e-12,9.747835834508589e-13,-1.1167427847046528e-11
347,4.1783452162340525e-13,-5.254586849770193e-12,1.1290233861976512e-11
348,-6.161294703783147e-17,2.782710851448118e-12,3.888134449162311e-12
349,-8.443949376766333e-12,1.6998183735968743e-12,2.5926891413422546e-12
350,-1.0958181842888461e-11,2.4417075007523824e-11,1.0369139383787636e-11
351,-5.2573471802943776e-12,-2.2783690936595972e-11,1.946958587042359e-14
352,-3.7209566791608954e-12,-1.6124869895450062e-11,1.3761530959876718e-14
353,7.072645770815361e-13,4.689904970843856e-11,-4.034526828967796e-11
354,-6.4403863660286456e-12,-2.7910969461553137e-11,2.3625137404922906e-14
355,-6.436563403799062e-12,-2.7894029062300746e-11,2.354561242964226e-14
356,-7.256279054505352e-12,-7.994804539459337e-12,1.700781339859997e-11
357,-1.71910171201683e-11,-1.3450198287641934e-11,-1.9834120083648503e-13
358,-1.0567273371530268e-12,1.351541795240263e-11,-1.3360778807751227e-11
359,-1.0569485221163977e-12,1.3517209053383379e-11,-1.3362561681726136e-11
360,-5.258704002036453e-12,-2.2787250590858387e-11,1.9012473580071227e-14
361,4.170764725971857e-13,-5.244892079025466e-12,1.1269609115766044e-11
362,3.340977349498968e-11,-2.6820177956665365e-11,4.092948273397953e-12
363,-8.495083193987874e-14,-3.980837464001685e-13,3.4109632827127137e-12
364,9.651610456664297e-17,-1.2662623388035749e-11,6.744263527601143e-12
365,-2.2969413368528718e-12,-2.1267575379471126e-11,-1.0083793440123182e-11
366,0.0,0.0,0.0
367,5.775377031002534e-13,3.8297411057062154e-11,-3.294603035575241e-11
368,7.026949280778279e-18,-3.792929565655004e-12,-4.905842658614331e-12
369,6.414438934020973e-17,9.791632846441884e-12,-6.745143579874494e-12
370,-1.9114287617889996e-11,1.2387326184336836e-11,-7.919668886295927e-12
371,7.03429156157203e-17,-1.2659506169996691e-11,6.73465589690713e-12
372,5.3307372238936556e-17,7.993337244681323e-12,-5.506424956999892e-12
373,7.475511782912926e-17,9.791454189390265e-12,-6.7450606477425146e-12
374,0.0,0.0,0.0
375,5.915691925864654e-13,-7.438325266083131e-12,1.5982754334908214e-11
376,0.0,0.0,0.0
377,7.068893047723288e-18,1.0451418775469267e-11,-8.092497411953563e-12
378,7.236536117418437e-13,-9.099415938251531e-12,1.9551698664878446e-11
379,-8.393986691976583e-18,-3.7837283739369654e-12,-4.89365247965085e-12
380,-8.398801060287191e-13,2.518292950623626e-12,1.3792580397337647e-11
381,-5.213164135211119e-12,-1.537757864549125e-11,-2.1115863472718e-11
382,-3.702216807365613e-12,-1.604229060436884e-11,1.333206037603818e-14
383,-6.42635254901413e-17,-6.75426822594791e-12,-8.998260288769041e-12
384,-1.718067626794068e-11,-1.3442165625567014e-11,-1.9827378113863963e-13
385,-8.404095610436461e-13,2.5190975741161194e-12,1.3801808742615006e-11
386,-1.9295243263780877e-11,1.2504637634100825e-11,-7.99459688135524e-12
387,-8.615441533009387e-13,1.1018425762138315e-11,-1.089209309923916e-11
388,9.801249426648318e-17,-7.304446879846838e-12,3.89105314382582e-12
389,4.1811467485817164e-13,-5.257430925128362e-12,1.1296561996284161e-11
390,4.945150368325731e-12,-1.168453654705067e-11,1.6845287640036475e-12
391,-5.261042870490542e-12,-2.2799097050711057e-11,1.9565615927234277e-14
392,-2.3810742478988813e-11,1.5431329806865548e-11,-9.865948376909052e-12
393,0.0,0.0,0.0
394,0.0,0.0,0.0
395,-5.257709707838683e-12,-2.2783049607647786e-11,1.90479779719568e-14
396,-6.004407202197389e-17,1.2690161477930205e-11,-3.1430315430186735e-12
397,-6.42567865801095e-12,-2.7847225757749024e-11,2.351234990572072e-14
398,-6.4451942441691376e-12,-2.792889556392496e-11,2.3209397906220096e-14
399,-1.920741358648823e-16,-4.488768755659075e-12,-6.176054892344234e-15
400,-1.5833197069744304e-16,-3.6632659249177675e-12,-5.467515912272422e-15
401,1.0869237389300903e-11,2.795448141610412e-11,1.5556367231621314e-11
402,6.93479720497696e-17,9.794339683893424e-12,-6.7471105848457736e-12
403,0.0,0.0,0.0
404,-1.8024262884529178e-11,6.465188344252853e-12,-1.073810363839522e-11
405,-5.2582617386348095e-12,-2.278732644246271e-11,1.9605009648032835e-14
406,-1.2771681811762965e-11,4.581342013946808e-12,-7.608872562001195e-12
407,1.1046362218595617e-17,1.2689962480934244e-11,-3.142741860890162e-12
408,-6.379742767073867e-12,2.707488469419036e-12,1.6759864482317355e-11
409,-8.792518009459827e-12,-5.699360355672638e-12,1.0724880906159375e-11
410,6.054005737501364e-12,-1.4304523376697153e-11,2.0623924005927886e-12
411,-5.25652049084824e-12,-2.2777848203953322e-11,1.8904136860459325e-14
412,1.0029156061540351e-16,-1.2655528796936375e-11,6.724342287109004e-12
413,-5.261594146822575e-12,-2.2802097989047903e-11,2.0172478655208682e-14
414,2.032744948604396e-17,-6.561012962894693e-12,-8.485803162475055e-12
415,-8.854906338655307e-12,1.3788422614961425e-12,-1.579794654890084e-11
416,6.055718157982285e-12,-1.4308534373598509e-11,2.062990540245636e-12
417,-5.621371865950338e-17,-5.51948932900564e-12,-7.352912254003953e-12
418,-1.772738237906238e-12,2.45409517762184e-12,-5.2609575354180426e-12
419,6.150150255233849e-10,-1.1489401498346088e-09,-4.232161585615717e-09
420,-3.55057129553583e-11,1.6810622286786767e-11,-3.018606438276077e-12
421,3.4097644937590373e-17,-5.354768370736376e-12,-6.925769616447238e-12
422,-6.5148980499046995e-12,-3.5171374245466775e-11,-1.354033359312121e-11
423,-1.0286715190555927e-12,3.084074964980237e-12,1.6891612438478487e-11
424,7.095821497510276e-17,-1.2658160028575654e-11,6.739136855821146e-12
425,4.413206362660293e-12,-7.238504054010771e-11,-8.468980544506055e-11
426,-2.1020311889564633e-11,-1.644631681504629e-11,-2.42479336833729e-13
427,4.143736273634722e-17,-7.330223522154896e-12,3.8985446533808196e-12
428,-5.254469397247867e-12,-2.2771060844951664e-11,1.9600714498710787e-14
429,3.341313092818078e-11,-2.6822699403494627e-11,4.09314456705365e-12
430,2.7295281983921566e-11,-2.191138186005989e-11,3.343601961099908e-12
431,4.6649232754807034e-17,-1.0340472334321192e-11,5.508243582041242e-12
432,-4.810262133187144e-17,-1.2676100118317189e-11,6.751860552598391e-12
433,4.471238261217759e-17,-7.301406368255515e-12,3.883241302781642e-12
434,5.288809046778489e-17,-1.0355575037446626e-11,5.507571007585786e-12
435,7.008844325587702e-17,-1.2655075997063799e-11,6.730585884297047e-12
436,0.0,0.0,0.0
437,-2.3887036905114596e-11,1.5480693167866137e-11,-9.897269909438254e-12
438,8.052499982565139e-17,-1.2666657020607955e-11,6.7367495411759604e-12
439,1.6309706210504973e-16,-7.311045407264364e-12,3.894496489156415e-12
440,-2.9852668021901454e-19,1.795539222738651e-11,-4.446934713122029e-12
441,-1.814106070912167e-17,1.7969691132145996e-11,-4.450705983592994e-12
442,-6.439143283634884e-12,-2.7903844138537302e-11,2.3759793049620156e-14
443,-5.262418519569319e-12,-2.280382317029794e-11,1.907601738928854e-14
444,-5.2589054736410825e-12,-2.278914394474902e-11,1.9178696049588353e-14
445,-5.256955968470356e-12,-2.2779702790755702e-11,1.8933731578786718e-14
446,-2.2063332235305332e-11,7.91396328016531e-12,-1.3144349346945343e-11
447,-5.258844851686063e-12,-2.2789252256318822e-11,1.950038262645968e-14
448,-1.95006061592424e-11,1.2637872807199485e-11,-8.079665348680342e-12
449,-5.1339993070780654e-17,-5.434225906905352e-12,-7.240911672999496e-12
450,4.509737789386168e-13,1.5363764136500728e-11,-9.843420458046248e-12
451,1.5352927066811388e-12,3.525410821278657e-11,-2.049631206216194e-11
452,0.0,0.0,0.0
453,0.0,0.0,0.0
454,7.265493350057476e-17,-1.2651642657270041e-11,6.7238850383582826e-12
455,1.2421009825252016e-12,-8.679255439854707e-12,-4.938893883331534e-11
456,-6.460340851945891e-17,-6.76031188171854e-12,-9.005987660051576e-12
457,-1.624501143567016e-12,-1.5040853980237275e-11,-7.131531983665068e-12
458,0.0,0.0,0.0
459,-1.0293271996448394e-11,8.140539050600719e-12,8.895587821161985e-12
460,0.0,0.0,0.0
461,1.718095696346146e-09,-1.8605159917756142e-10,-5.388292592220217e-10
462,-1.80072113051541e-11,6.459016865916251e-12,-1.0727818349927257e-11
463,7.363549632218585e-17,7.990135981514632e-12,-5.504129417155942e-12
464,-2.206063550633435e-11,7.912936044167249e-12,-1.314274075022425e-11
465,-1.7272183946901638e-16,-4.488701487129554e-12,-6.516370008364555e-15
466,-1.7668517023005043e-16,-4.490107188477842e-12,-6.2974145316286474e-15
467,-1.4142907943516712e-16,-3.66449344868777e-12,-5.207513901730773e-15
468,-1.8053510625684367e-11,6.475915526107027e-12,-1.0755498841858444e-11
469,4.458361069984969e-17,6.049625974931955e-12,-4.684231384951677e-12
470,1.7149469261755527e-09,-1.8571064681718977e-10,-5.378418386366339e-10
471,-4.065248249404681e-17,-3.900151904843275e-12,-5.195818707825533e-12
472,-6.644620817387018e-17,-6.753697170153251e-12,-8.997255518299076e-12
473,-5.2583441977748555e-12,-2.278785732437421e-11,2.0050612630381467e-14
474,-8.135462303350208e-18,-7.3105305933852e-12,3.894202481117922e-12
475,-8.634359470540906e-13,1.1042317861098806e-11,-1.0916016472763924e-11
476,-8.402044925833848e-13,2.518961885638085e-12,1.3798600102097517e-11
477,-5.2581139409615315e-12,-2.278775373034444e-11,2.008344126978923e-14
478,7.444270456169695e-17,9.78295620649159e-12,-6.74017035270854e-12
479,-5.4293496756225684e-17,-6.749879097802767e-12,-8.99233344434897e-12
480,-1.191498612451685e-11,2.3984957787492336e-12,3.6584343644295384e-12
481,7.760541066036729e-17,9.794128610584651e-12,-6.74706527642184e-12
482,6.073924391602509e-17,-1.0344817146744384e-11,5.49780089628426e-12
483,-3.719004261127026e-12,-1.6117687676619967e-11,1.4263179957625783e-14
484,-8.952642425142672e-12,1.9948568664330712e-11,8.470936801239153e-12
485,6.050801317044778e-12,-1.4297104080684926e-11,2.0612426834429587e-12
486,-1.1971856155395203e-18,-3.789641835439164e-12,-4.901552832962487e-12
487,4.939008814794797e-12,-1.16695840699194e-11,1.682886032944645e-12
488,-6.444443153885326e-12,-2.7925548353778966e-11,2.3138274145945526e-14
489,-1.484886844629116e-16,-3.667709279234385e-12,-4.956081766856966e-15
490,-1.8150834384216656e-16,-4.490823711439819e-12,-6.4317478726190356e-15
491,8.000984809857047e-17,9.792924829607265e-12,-6.746160285716984e-12
492,-5.261429182780098e-12,-2.2801384502931692e-11,1.9799788058904817e-14
493,4.9559407045304827e-17,5.652653655802523e-12,-3.893877726189448e-12
494,7.753958735965936e-17,9.785274453601619e-12,-6.740820748519333e-12
495,5.615877106567895e-18,1.0456883887398485e-11,-8.096740956447825e-12
496,5.3022141895488814e-18,8.53487632089665e-12,-6.608532328756707e-12
497,3.591393324530137e-17,5.654799288190064e-12,-3.895231088697765e-12
498,3.949719277704069e-17,5.657626859858678e-12,-3.897184139505715e-12
499,-6.491996804969768e-17,-6.7613013770822336e-12,-9.007414587961882e-12
500,5.6220303186529186e-12,4.079685946078612e-12,-4.781841899025195e-12
501,-3.75365733632991e-17,-3.8979807723671665e-12,-5.1928943810900944e-12
502,-9.38569846893731e-12,1.434328442947304e-11,9.623114258703757e-12
503,-2.650777711851905e-12,8.275266640352192e-12,1.9204519761688643e-12
504,-6.828695287645689e-17,-6.7374293629514996e-12,-8.976371088493638e-12
505,-5.238652876798757e-17,-5.508764457405276e-12,-7.33918064398639e-12
506,3.4953807043646783e-12,-8.259194576696889e-12,1.190839878187061e-12
507,0.0,0.0,0.0
508,-1.1308605642130438e-11,-1.2759172147192324e-12,1.4483737646530425e-11
509,0.0,0.0,0.0
510,-5.373532815720156e-17,-6.733514058335484e-12,-8.971981335058758e-12
511,4.553674995518469e-13,1.5512378101789265e-11,-9.938715533769083e-12
512,1.5352390719135845e-09,1.4201716863284583e-10,2.81832389768132e-10
513,-1.1308638639791645e-11,-1.2758532805450805e-12,1.4483819448965713e-11
514,-6.891840663354615e-17,-6.74384036298596e-12,-8.98562305294991e-12
515,-6.362201318419412e-17,-5.50380027113995e-12,-7.333431502442797e-12
516,-1.6382147033296399e-12,-4.613983324292412e-12,-4.82815017637188e-12
517,1.5351616414986076e-09,1.42010241320366e-10,2.8181815810673194e-10
518,1.5344559312576412e-09,1.4194474294129303e-10,2.8168873322994256e-10
519,-1.3832549082094616e-12,4.318374707937169e-12,1.0021366537720947e-12
520,1.5336766538418922e-09,1.418727075299441e-10,2.815456221700108e-10
521,3.206572435217655e-13,1.0923517540342359e-11,-6.9983790140456566e-12
522,0.0,0.0,0.0
523,3.6181304693278847e-12,1.1566395819055004e-11,-7.360531796801912e-12
524,5.557626660307746e-13,1.89337954564326e-11,-1.2130739874024776e-11
525,2.3155344303340125e-17,-4.834398324773206e-12,-1.0600263146578876e-11
526,2.7928367487810174e-11,-3.0174136492954616e-11,-2.8845444684617158e-11
527,0.0,0.0,0.0
528,0.0,0.0,0.0
529,8.406870086225598e-17,-1.2648580523754672e-11,6.729073103135475e-12
530,-4.3753049319315693e-13,2.114625284432061e-11,-3.030345890222341e-11
531,0.0,0.0,0.0
532,-9.397307806181074e-12,-1.0810545297849594e-12,-9.330369069489572e-12
533,0.0,0.0,0.0
534,-1.627202594750293e-11,-1.871772298893427e-12,-1.6156028067254628e-11
535,4.005489140944007e-17,-7.298184108431094e-12,3.878649849669568e-12
536,-1.3286533066376126e-11,-1.528139623240173e-12,-1.3191826357310098e-11
537,7.313107143293326e-13,1.3379446278574704e-11,-1.8921402369670514e-11
538,0.0,0.0,0.0
539,2.0405569549880124e-12,2.6870781155028987e-11,1.0662635104987887e-11
540,-5.4977201731508816e-12,-2.870074064794411e-12,4.2984598462111626e-13
541,-1.0355459494660988e-11,-3.0765470443244896e-11,-1.8140676770983284e-11
542,1.0878425493878682e-11,2.7978061956569375e-11,1.5569385067725498e-11
543,-6.448695931208286e-12,-2.794396722223646e-11,2.3066760945631355e-14
544,0.0,0.0,0.0
545,-6.329350028506314e-12,1.4103281017734217e-11,5.9891007894733234e-12
546,-6.642825862099451e-12,1.0151447046085998e-11,6.81058409895829e-12
547,-5.597141422025621e-11,1.1666708903894336e-09,3.922917153655057e-10
548,6.289191973833233e-12,-1.6896018015587288e-11,1.710985147551694e-11
549,-5.614514677419299e-11,1.1702911087594252e-09,3.935090354919258e-10
550,-5.6398963687718617e-11,1.1755823214890543e-09,3.9528814146224085e-10
551,-5.6175731229322905e-11,1.1709301127769476e-09,3.9372405230463697e-10
552,6.997341047806749e-17,7.986151047187e-12,-5.501371866622484e-12
553,-5.585819594924822e-17,-5.5056603164921295e-12,-7.335603858071213e-12
554,5.325416870994511e-17,7.988180000620233e-12,-5.502857467677616e-12
555,-8.71003825026751e-14,-2.420027777203256e-11,1.6413045624728492e-11
556,6.637459967228807e-17,8.001561279198619e-12,-5.511911701681493e-12
557,-2.8416512555164425e-16,-7.687330175667604e-13,6.928754986893658e-12
558,-6.281368069856249e-12,5.836466183167705e-12,-1.6526115508605478e-12
559,1.0673798803935828e-11,3.272804418546454e-12,4.819254311858123e-12
560,-5.11520582061345e-12,4.753237751625806e-12,-1.3459298744279412e-12
561,3.8859276915334566e-11,1.892899509464342e-11,1.6979813247200759e-12
562,0.0,0.0,0.0
563,0.0,0.0,0.0
564,0.0,0.0,0.0
565,0.0,0.0,0.0
566,0.0,0.0,0.0
567,5.6093392077344346e-14,-3.5185782293114196e-12,-6.741743605709171e-12
568,3.6061053297847094e-14,-1.154935856320368e-11,6.620663363349755e-12
569,-1.9032782906781394e-16,-5.439100759445145e-13,4.9020002030790345e-12
570,8.532641893824646e-17,9.799657552315095e-12,-6.751189076376305e-12
571,0.0,0.0,0.0
572,7.2665269242581e-17,9.800018567842619e-12,-6.751371806051662e-12
573,3.887806655076563e-11,1.893812441385602e-11,1.6987189663558667e-12
574,-8.792555861769156e-12,-5.699325277045149e-12,1.0724908918409663e-11
575,-1.8172293651652096e-09,8.69361275304389e-09,4.1598259133610824e-09
576,-1.084497398511199e-11,1.6888243774952515e-12,-1.9347934565154797e-11
577,-1.0846885036628318e-11,1.6888781215488422e-12,-1.9351932636719475e-11
578,-1.0846695291231487e-11,1.6888515934235166e-12,-1.9351799245201134e-11
579,-1.1714311219256565e-12,-1.2662065638009468e-11,-3.725578674006292e-12
580,-1.0846167448894426e-11,1.6886634875715592e-12,-1.935067540961129e-11
581,8.613228941614758e-17,-1.0344921617038823e-11,5.506638047303002e-12
582,7.912141817796105e-17,-1.0349494286377035e-11,5.497128737113609e-12
583,6.20568069035919e-18,2.7777982602064547e-12,3.881428196735332e-12
584,1.4934141174042607e-16,-1.033050426076785e-11,5.5011642525530085e-12
585,0.0,0.0,0.0
586,3.341079506025449e-11,-2.6820418154375257e-11,4.092816635853856e-12
587,7.116641026900104e-17,-1.2654956697256096e-11,6.7245734528035314e-12
588,-7.620550187624504e-17,-6.753166451431475e-12,-8.996502841557546e-12
589,-2.3172346859789587e-11,1.501722301919501e-11,-9.600574487185554e-12
590,-7.978088676599218e-12,-4.3070607694641044e-11,-1.6581408021100584e-11
591,5.800640505840971e-17,-1.034753618119007e-11,5.496033363319108e-12
592,1.9288334297114836e-11,-1.5483863758866782e-11,2.3629437875111582e-12
593,-1.3166709300296003e-11,-4.0476322368411415e-11,4.1599267157063105e-12
594,-6.434811987581806e-12,-2.7883274804749343e-11,2.3069067345543976e-14
595,-4.559165209081465e-17,-5.507552162968316e-12,-7.337408211399373e-12
596,5.767815560344838e-17,7.99398767881341e-12,-5.506705253202418e-12
597,-6.573847968209048e-17,-6.748607092884943e-12,-8.990734298656487e-12
598,2.7199703753132616e-11,9.212643743603e-12,-2.6097760914737782e-11
599,3.739382162830183e-18,6.0600242332466376e-12,-4.692268277461706e-12
600,0.0,0.0,0.0
601,-1.7610389456322466e-16,-4.487096853154659e-12,-6.715330751586711e-15
602,0.0,0.0,0.0
603,0.0,0.0,0.0
604,4.608562764305491e-12,-1.3618232007803539e-11,-3.87208108177485e-13
605,0.0,0.0,0.0
606,-5.0217354826119706e-17,8.523818242780405e-12,-6.59995463175525e-12
607,4.318710367930153e-11,-1.3540581437259091e-11,2.0405028646627575e-12
608,4.3182223778586825e-11,-1.3538894982651347e-11,2.040156631157004e-12
609,0.0,0.0,0.0
610,-1.9693553833888942e-16,-3.664505972747618e-12,-5.318989618998982e-15
611,1.9265923614444203e-11,6.525281699686558e-12,-1.84851943543756e-11
612,0.0,0.0,0.0
613,-1.8107233977475563e-16,-4.486279108364065e-12,-6.764641550944371e-15
614,-1.790357420913924e-11,1.4159326828386716e-11,1.5472012532574105e-11
615,-1.1097970604609862e-16,-2.5916950188669823e-12,-4.004724739818609e-15
616,-5.433561364655692e-12,-1.2792801645987247e-11,-1.0846425425675712e-11
617,-2.3504301486618364e-11,-3.7780900458079445e-12,-1.0906565488258308e-11
618,1.5121387975994503e-11,4.6362719296552944e-12,6.8274296304945075e-12
619,-1.09495091643337e-11,2.4398378332230823e-11,1.0360091320602232e-11
620,0.0,0.0,0.0
621,0.0,0.0,0.0
622,-4.612736925120445e-12,-2.4903216543635326e-11,-9.58702625039733e-12
623,4.608615023921163e-12,-1.3618445075671587e-11,-3.8727138562180606e-13
624,-6.611113119755494e-12,-5.406819157725261e-12,2.3468304782273848e-12
625,9.916500816549772e-16,-1.1111208183188454e-11,2.072439232281038e-11
626,0.0,0.0,0.0
627,5.4057285039778e-12,-8.86637690143934e-11,-1.0373628311248037e-10
628,1.3372313808339912e-17,-7.322549478865408e-12,3.88928797556574e-12
629,7.78182546676963e-17,-1.0350684801034623e-11,5.497690541644746e-12
630,-7.98032478687469e-12,-4.308272627423161e-11,-1.6585860837307412e-11
631,-1.614554958429251e-11,-4.963363302715558e-11,5.101047148954321e-12
632,-1.614015034128958e-11,-4.9617260275828675e-11,5.099374533483753e-12
633,-6.611130938615497e-12,-5.40694443941823e-12,2.3468191463950675e-12
634,-2.3867189360582133e-11,1.546771893890226e-11,-9.889018833318827e-12
635,1.4954081744867788e-07,0.4999780047087842,-1.3391726118539327e-07
636,1.2595548963251122e-12,-1.8817347041860083e-10,-1.6749866319444792e-09
637,-4.9958966823446476e-17,-5.522441122054734e-12,-7.357258655205672e-12
638,-8.781623421474651e-13,1.5816567083008861e-12,-4.233426848856192e-12
639,0.0,0.0,0.0
640,0.0,0.0,0.0
641,7.071460772816999e-13,4.68938975657138e-11,-4.0340734616550776e-11
642,4.935145750403078e-12,-1.1660924448142148e-11,1.6810016265369524e-12
643,-6.001934081263798e-14,-2.813544815279629e-13,2.4103593271818216e-12
644,3.340588501040077e-11,-2.681682443572034e-11,4.0923049919689324e-12
645,-5.585759913735905e-18,-6.555860357941648e-12,-8.479004919683162e-12
646,5.907778673329529e-13,-7.428896645935136e-12,1.5961620286826403e-11
647,0.0,0.0,0.0
648,-1.900296755128603e-11,1.2315192252794532e-11,-7.873013401436702e-12
649,0.0,0.0,0.0
650,-6.441632979787556e-12,-2.7913353560244463e-11,2.3274174966606884e-14
651,-2.5005817157824192e-11,2.236417259134272e-12,9.540895669073457e-12
652,-5.259153529465163e-12,-2.278930247605965e-11,1.8965162517307744e-14
653,3.341197633834918e-11,-2.6821868486178142e-11,4.093199939860423e-12
654,-2.210008935225003e-11,7.927357534342512e-12,-1.3166266343931342e-11
655,1.101215497662361e-17,-5.347275135912864e-12,-6.915727723441713e-12
656,-6.105967570766039e-17,-5.510279549765793e-12,-7.340986769387464e-12
657,0.0,0.0,0.0
658,-2.2108535464607633e-11,7.930565802936768e-12,-1.3171303825883124e-11
659,-4.569898084992334e-17,-5.5149908673536565e-12,-7.347268216254935e-12
660,6.548944686647785e-18,1.0478744217127697e-11,-8.113660183860527e-12
661,1.2547402226616566e-12,-1.8745252541439506e-10,-1.6685657011895507e-09
662,-1.95583309015382e-11,-8.133407994155073e-13,-4.3905776228034277e-13
663,6.892565687308022e-18,1.0463088596478181e-11,-8.101563735056248e-12
664,-6.437784031473285e-12,-2.7896582679335167e-11,2.3342525555109508e-14
665,0.0,0.0,0.0
666,0.0,0.0,0.0
667,7.012343807002669e-18,1.0462631128301891e-11,-8.101194048080478e-12
668,-6.443763503134347e-12,-2.7921959353797852e-11,2.300671247405573e-14
669,-3.6269267832028415e-12,3.3700390273202342e-12,-9.543898050202052e-13
670,7.460824495860892e-18,1.0451348441376831e-11,-8.092453951787661e-12
671,6.984636898753576e-18,8.551009067278097e-12,-6.621001587778124e-12
672,3.438038501903475e-17,5.649916619072214e-12,-3.891915034480293e-12
673,-5.2619177723390805e-12,-2.280103789513974e-11,1.8831884161223383e-14
674,1.2570900154755715e-12,-1.8781330550716334e-10,-1.6717816391145154e-09
675,-5.457003787041518e-17,-5.51318537256517e-12,-7.344948837219235e-12
676,-6.439425652005683e-12,-2.7903433591739296e-11,2.3134462530102742e-14
677,4.318350296706357e-11,-1.3539386833984973e-11,2.04015002383735e-12
678,6.128637547792221e-17,7.990733734358688e-12,-5.504417569570905e-12
679,-5.2567654241980026e-12,-2.277869841780056e-11,1.9029815475064038e-14
680,-8.854589630854501e-12,1.379136690207112e-12,-1.579700265282414e-11
681,5.060579968891315e-12,5.862165267199224e-13,-2.634911732982207e-13
682,5.906225178526211e-13,-7.427337739495032e-12,1.5958243696816537e-11
683,0.0,0.0,0.0
684,-4.234036330906864e-11,2.0609095921142532e-11,-1.5738038292097867e-11
685,1.455307871666257e-16,-7.311171552850407e-12,3.889522991765634e-12
686,7.34484074632846e-13,1.3437934604665611e-11,-1.900401960375713e-11
687,-1.8645347990800232e-17,-5.3538931846650325e-12,-6.924223528681279e-12
688,-9.310053964857913e-16,6.169724429744475e-14,-5.60051512682046e-12
689,0.0,0.0,0.0
690,6.769299674825655e-17,-1.0334253031095874e-11,5.495196884349907e-12
691,7.243677604521598e-13,-9.109139996867179e-12,1.9571442777511782e-11
692,7.242506924598604e-13,-9.107749544582075e-12,1.9568296294322793e-11
693,-3.087038302659261e-13,8.903730263324223e-12,1.2130758836130116e-11
694,7.344379042023595e-17,-1.2665757404716708e-11,6.733522507730077e-12
695,-1.4693311447882925e-11,1.1339093142702725e-11,-5.028101400034391e-11
696,5.910953531821431e-13,-7.434227111823483e-12,1.597268218262063e-11
697,1.38947634373082e-16,-7.301900658550568e-12,3.884621773770765e-12
698,-5.4969144541987046e-12,-2.8696203505774882e-12,4.296427699829729e-13
699,5.913135094312773e-13,-7.435147339597027e-12,1.5974419955169072e-11
700,5.523156189156345e-13,-1.452445854914403e-11,3.8960009027172695e-11
701,4.3975988427189603e-17,-7.30967858918032e-12,3.894310927637387e-12
702,-3.0890205515832314e-13,8.908520314233331e-12,1.2137358650355457e-11
703,6.420217797827378e-17,-1.032294753808857e-11,5.499646303490366e-12
704,-2.184517769636334e-13,6.300267502580583e-12,8.583669442246005e-12
705,-3.7182373596377655e-12,-1.611363066667026e-11,1.3902617010979816e-14
706,6.967497642746126e-18,-3.783541895762002e-12,-4.893428936454714e-12
707,1.811917281134962e-11,-9.519518294090445e-12,-2.1978959040338818e-11
708,0.0,0.0,0.0
709,3.324145387256749e-09,1.5684754106563933e-08,9.391836199391312e-09
710,3.32471772976525e-09,1.568745478077802e-08,9.393453138546892e-09
711,3.323823988621825e-09,1.5683237837936308e-08,9.390928065123135e-09
712,7.038131962300266e-17,-1.0323325337510435e-11,5.499773953020979e-12
713,-3.456321896626628e-13,-1.5997592879445792e-11,2.311333075469824e-11
714,-4.2319929629313913e-13,-1.9588280641047652e-11,2.8300879925024607e-11
715,3.324379315909013e-09,1.5685859494521022e-08,9.392497440855793e-09
716,-5.762478500523532e-13,-1.0288421016866373e-11,-3.4929845444520396e-12
717,-5.5002524397384004e-17,-5.51380081182859e-12,-7.345657642602676e-12
718,0.0,0.0,0.0
719,-9.11033645624319e-12,2.9531912274054546e-11,-1.461358174121985e-11
720,2.151364509637075e-12,-1.503236832393958e-11,-8.554056810400568e-11
721,2.1508278320128275e-12,-1.5029846141340174e-11,-8.552663082929458e-11
722,1.7564147734857775e-12,-1.2272997360638922e-11,-6.983959287460055e-11
723,2.223881329279489e-11,-1.1683884425497744e-11,-2.697640380617021e-11
724,-6.435990659059719e-12,-2.7891488770352587e-11,2.415804830422782e-14
725,-6.442573891553703e-12,2.088393011511371e-11,-1.0334173186404363e-11
726,-3.785355015732665e-17,-3.8935580795487424e-12,-5.186963504070956e-12
727,-6.936015773892227e-17,-6.752288609204452e-12,-8.995581081008322e-12
728,8.371213855439836e-12,-3.326302672256163e-12,-1.6023059688212042e-11
729,0.0,0.0,0.0
730,6.101774629556558e-12,1.6796445800531835e-11,1.6705358488267696e-11
731,2.0405344201481476e-12,2.6871137001769256e-11,1.0662944954711954e-11
732,0.0,0.0,0.0
733,2.498770203145434e-12,3.2905437665097585e-11,1.3057456268581396e-11
734,1.4431979321638974e-12,1.9004913476908172e-11,7.5416252182454e-12
735,1.4428804488262726e-12,1.9000636906520337e-11,7.539696057545323e-12
736,2.499036030413537e-12,3.2909387538066216e-11,1.3058986247488018e-11
737,2.4986614505236152e-12,3.2904254667278636e-11,1.3056831950764864e-11
738,2.3035239915528523e-12,5.037602689470826e-13,-1.3147325133495654e-12
739,1.812635193177305e-11,-9.523518221202314e-12,-2.1988308366196785e-11
740,2.7925985838912812e-11,-3.0171415365707884e-11,-2.8842796701975982e-11
741,1.81498374164062e-11,-9.535881450058614e-12,-2.201670918586453e-11
742,2.3036175684961713e-12,5.036857268763857e-13,-1.3146524277760406e-12
743,2.2804229013119136e-11,-2.4637696067946017e-11,-2.3552938998544203e-11
744,2.7928698109054996e-11,-3.017430372925899e-11,-2.8845741053398867e-11
745,1.6123975725419353e-11,-1.74203595148968e-11,-1.6653476808620136e-11
746,8.373558489888481e-12,-3.3274157799370388e-12,-1.6027773554739762e-11
747,0.0,0.0,0.0
748,0.0,0.0,0.0
749,0.0,0.0,0.0
750,8.374091608210966e-12,-3.32745804374761e-12,-1.6028752908512906e-11
751,2.2853979632063195e-11,-2.6122699642319354e-12,-3.800231460407929e-12
752,5.4626399797022296e-12,9.517940541227656e-12,7.330159164051529e-12
753,6.6900499923382216e-12,1.1656765867620694e-11,8.977166420508653e-12
754,5.921585888469602e-12,-2.352832057704235e-12,-1.1334337570994932e-11
755,6.689748165581423e-12,1.1656314872760135e-11,8.976707908742613e-12
756,6.689882150354615e-12,1.1656278288413431e-11,8.976896173852418e-12
757,5.462408744767455e-12,9.51765465393735e-12,7.329883676006498e-12
758,5.46272174776236e-12,9.51817624486669e-12,7.33018882289415e-12
759,5.462210910683224e-12,9.517428611670989e-12,7.329597294026181e-12
760,1.6159925209704313e-11,-1.847240832362546e-12,-2.687020579585946e-12
761,2.798880619989504e-11,-3.1989444932363964e-12,-4.653791709784989e-12
762,3.863098781560381e-12,6.7309669099434305e-12,5.183632688730489e-12
763,5.462444493421601e-12,9.517798749510919e-12,7.329557417097297e-12
764,-4.4320651348889204e-11,-1.3185313083609478e-11,7.357059205208025e-13
765,-3.620667761910718e-11,-1.0771414649227927e-11,6.008227745142754e-13
766,2.2856363497790627e-11,-2.6124623257317266e-12,-3.800198739041315e-12
767,2.7993143019821367e-11,-3.1994325936454512e-12,-4.6547846846451375e-12
768,1.4422995775744861e-12,1.8993490168571866e-11,7.536776547211544e-12
769,-4.605921790020759e-17,-5.50963954327321e-12,-7.339966482957036e-12
770,1.8185236251760772e-11,-9.554550810121135e-12,-2.2059607110181164e-11
771,1.817316072233977e-11,-9.548085440170303e-12,-2.2044665808242726e-11
772,1.0358858746695498e-12,1.8950626850444827e-11,-2.6800252227096143e-11
773,-5.678983938406654e-17,-5.323919380393002e-12,-7.0940904485275805e-12
774,-1.0554185268417786e-11,-6.152493783091148e-12,2.0248352147955216e-13
775,7.543266476115117e-12,2.076452131493056e-11,2.065192151107249e-11
776,-1.015736554200675e-11,-5.921253533913263e-12,1.950571084185858e-13
777,-9.11501154807234e-12,-5.313638455154708e-12,1.7488014355813453e-13
778,7.472078598719525e-12,2.056829892157794e-11,2.0456975618937756e-11
779,-7.239218171065737e-12,-4.220077441699452e-12,1.389322877826416e-13
780,-1.457627735220514e-11,-4.330504957201997e-11,-2.5534568836351756e-11
781,-1.681579143567826e-11,-4.995863913689547e-11,-2.9457783467462454e-11
782,-4.234171733172445e-11,2.0609964912750265e-11,-1.573859892014109e-11
783,-6.26126686663887e-12,9.753053854271536e-13,-1.117007318217271e-11
784,-5.213519628010905e-12,-1.537890120638112e-11,-2.1117406429398926e-11
785,-9.030879657106073e-12,-2.663924349920414e-11,-3.657971423882292e-11
786,-9.030279328488184e-12,-2.6637437794448567e-11,-3.657715522314038e-11
787,-8.855846500890036e-12,1.3792288833191577e-12,-1.579880509382192e-11
788,-5.463256131540656e-12,-1.1301244506391043e-11,-1.6707772315152753e-11
789,-1.6401185666556076e-12,-4.6193344512633096e-12,-4.833383878126909e-12
790,-3.722990177548161e-12,-1.6134343463208745e-11,1.426466349739713e-14
791,-8.402059703207172e-13,2.519035595037265e-12,1.379912179734087e-11
792,-9.464218302641211e-12,-1.957786168918289e-11,-2.894415984047142e-11
793,1.3604545456529641e-11,-4.75902660900794e-12,-4.38999061768315e-12
794,4.018146446929026e-12,-7.321331728925367e-12,1.9210111991978226e-11
795,9.61827605680291e-12,-3.3645606687646208e-12,-3.103754027611242e-12
796,-1.0846339749014806e-11,1.6887379571937512e-12,-1.9351165947606316e-11
797,2.604012557231585e-12,-4.463935093219742e-11,1.1885645043517832e-10
798,7.158066097216523e-12,8.291520959756294e-13,-3.727761820417473e-13
799,-7.983214151884116e-12,-4.309845505556488e-11,-1.6591964131140507e-11
800,3.560279084757005e-12,1.1381827680247601e-11,-7.242932561291035e-12
801,1.7563625791170642e-12,-1.2272978321256125e-11,-6.983850596844494e-11
802,1.2419104884909918e-12,-8.677967757226514e-12,-4.938266537634543e-11
803,2.1513108081183384e-12,-1.503259757755473e-11,-8.554292469376743e-11
804,-1.0292926326609991e-12,3.08506228758728e-12,1.6904375729365875e-11
805,-6.010507469335282e-14,-2.815407064805125e-13,2.413787589237924e-12
806,0.0,0.0,0.0
807,-0.4999947783492499,-2.393554819840772e-08,-3.6240117974937614e-09
808,-0.5000211343918038,-2.3936810203361805e-08,-3.6242020940398967e-09
809,0.0,0.0,0.0
810,-7.256155828649011e-12,-7.994723708819543e-12,1.7007716326464e-11
811,-1.228092549686757e-11,2.3729349108717712e-11,4.8512206431024866e-11
812,-0.4999778430147435,-2.393473776673691e-08,-3.6238884904350226e-09
813,-6.262300123966174e-12,9.752948944526921e-13,-1.1171918560409187e-11
814,-1.0845550932200872e-11,1.6892252086183745e-12,-1.9348511205302515e-11
815,-9.029995537567559e-12,-2.6636443547189245e-11,-3.6575946107862624e-11
816,6.810014654999715e-12,-6.591418285506112e-12,4.634392482554911e-12
817,-6.2598849293842045e-12,9.748395928403207e-13,-1.116791143276394e-11
818,0.0,0.0,0.0
819,8.341558801053615e-12,-8.073974807230078e-12,5.676794524709756e-12
820,8.341178382673556e-12,-8.073494883874903e-12,5.6764248380825296e-12
821,8.079912285058258e-12,-6.797152035693355e-14,-3.8117811255981314e-13
822,6.3097638006452265e-12,-2.6158787294814974e-12,-2.693226637555315e-12
823,6.310921630312649e-12,-2.6162707952220983e-12,-2.6934679917491592e-12
824,-3.5507636658583045e-11,1.6811353605257887e-11,-3.018488909115427e-12
825,0.0,0.0,0.0
826,-1.3139244502992425e-11,3.781019234391136e-12,1.3899445175255312e-11
827,0.0,0.0,0.0
828,-9.289385932634229e-12,2.6732493267997465e-12,9.826768114336846e-12
829,0.0,0.0,0.0
830,-4.599032819668436e-12,-2.4827884264936266e-11,-9.558278764364819e-12
831,-1.816548664084021e-09,8.69035682420806e-09,4.1582680616573895e-09
832,-5.944000213678635e-13,1.781937597860392e-12,9.761632662858255e-12
833,6.8103401050730925e-12,-6.59187316975008e-12,4.6345804156928154e-12
834,-1.0845123833962625e-11,1.6889538813696562e-12,-1.9348005264428256e-11
835,4.8156487361377e-12,-4.661159544613515e-12,3.2772177979314466e-12
836,0.0,0.0,0.0
837,7.965467260100391e-17,9.792160014151289e-12,-6.745805310866144e-12
838,-1.0291245674458754e-12,3.0851348113703033e-12,1.6900849119389702e-11
839,1.4634016055069485e-17,-6.562430950843538e-12,-8.487432218980102e-12
840,0.0,0.0,0.0
841,0.0,0.0,0.0
842,4.8909353620581115e-17,-1.0338280939374779e-11,5.491049057803114e-12
843,0.0,0.0,0.0
844,0.0,0.0,0.0
845,6.31045937690327e-12,-2.6160058995376512e-12,-2.6934289523625797e-12
846,1.0758034146896063e-12,-5.221856990773393e-12,1.027097406636737e-11
847,-9.463160987953859e-12,-1.957574204143244e-11,-2.89409666085738e-11
848,-9.463977584010362e-12,-1.9577447760791583e-11,-2.894317775273617e-11
849,0.0,0.0,0.0
850,8.082470482655707e-12,-6.803875268063005e-14,-3.8117315333199007e-13
851,1.1429138133074627e-11,-9.62402399258631e-14,-5.390801794570275e-13
852,1.4298819508009495e-17,-6.551991365176572e-12,-8.473868953804578e-12
853,8.923907733235484e-12,-3.699486033058251e-12,-3.808868149059269e-12
854,1.0929675636817277e-11,-4.531051541072945e-12,-4.664931366933797e-12
855,-1.3576512279323415e-11,-2.182387271906509e-12,-6.299690238048524e-12
856,4.079568532249156e-13,2.7050259665295254e-11,-2.32712362635525e-11
857,-1.0314525358736279e-11,8.157599517600232e-12,8.913573832326517e-12
858,-9.030537400246392e-12,-2.663822569257484e-11,-3.657833148198242e-11
859,0.0,0.0,0.0
860,-1.029165905700736e-12,3.0855918853883596e-12,1.6900797215801682e-11
861,7.50811370521212e-17,9.785363455839286e-12,-6.7416024516505275e-12
862,-8.944760734035087e-12,1.993117552624715e-11,8.463341848297269e-12
863,4.451581154396143e-17,-7.304411543201744e-12,3.879666367547457e-12
864,1.5130557657604592e-11,4.6392618971057266e-12,6.831327675668794e-12
865,-1.0843152611332952e-11,1.6885702497681478e-12,-1.9344935650943004e-11
866,-6.262392818085598e-12,9.750062538139359e-13,-1.11728349727705e-11
867,-8.856026756829151e-12,1.3787956246162995e-12,-1.5800176658988568e-11
868,-8.854791362039931e-12,1.3787768219036328e-12,-1.5797392601590662e-11
869,-5.1287827239718705e-12,4.765620204168041e-12,-1.3495301775474012e-12
870,-3.628873694499735e-12,3.371890632924932e-12,-9.547900956598902e-13
871,-8.949318949167423e-12,1.9941272336922563e-11,8.468171168223721e-12
872,1.2813929130121047e-11,-6.732212562994736e-12,-1.5543774649351243e-11
873,-7.726661429196484e-12,-1.5983269513347076e-11,-2.363010965911632e-11
874,-1.6134612866523177e-11,-4.960030413101005e-11,5.097967731181705e-12
875,-1.3182388071755595e-11,-4.052474105861609e-11,4.164967552149139e-12
876,4.31856980309865e-12,1.1887887125583464e-11,1.1823446676881801e-11
877,-5.274414754708075e-17,-5.3935817089159204e-12,-7.1867852028675924e-12
878,-0.5000062432402735,-2.393609712389041e-08,-3.6240944243726524e-09
879,1.4954990140391184e-07,0.5000083759795328,-1.3392539628631597e-07
880,-2.5572274612468193e-11,-7.607757394205876e-12,4.244897614740438e-13
881,0.0,0.0,0.0
882,-8.398153923487709e-13,2.5182875251657697e-12,1.3791918248673617e-11
883,-8.944520030678097e-12,1.993062480209918e-11,8.463534078414889e-12
884,5.902583821016072e-13,-7.421900690376683e-12,1.594825300098772e-11
885,5.512392338434684e-17,-1.034332208248891e-11,5.4969515721740635e-12
886,0.0,0.0,0.0
887,-1.5713685845708408e-12,4.905724533662475e-12,1.138687698463354e-12
888,7.804246540384638e-17,-1.2668269885695148e-11,6.7286182005130315e-12
889,-6.3331096161491004e-12,1.4111670888056315e-11,5.9923441849815354e-12
890,5.352127469068104e-17,7.995479281099023e-12,-5.5081045239354994e-12
891,6.622172065489719e-17,7.998347577730987e-12,-5.5096218156073395e-12
892,-6.88068232139048e-17,-6.75752451318282e-12,-9.002322358549602e-12
893,4.715616666664844e-17,5.6571167030479555e-12,-3.896851152925684e-12
894,-1.625994276515278e-12,5.0758267843848705e-12,1.1778136018930243e-12
895,1.7155745437307343e-09,-1.857786009059944e-10,-5.380385997766054e-10
896,5.65688641029965e-17,7.993646976248827e-12,-5.506904012696635e-12
897,-6.401328555607733e-17,-6.760405221570135e-12,-9.006125516551634e-12
898,-7.020889631469605e-17,-6.765509111347085e-12,-9.012806762443706e-12
899,-6.547707847952599e-17,-5.530547324680379e-12,-7.36761989751558e-12
900,-1.276563686779513e-11,4.579684369718685e-12,-7.605314890960271e-12
901,-1.3664739447131094e-11,-5.680964392809442e-13,-3.0682739359851404e-13
902,4.4508793131406274e-17,6.053714634491571e-12,-4.687377867570501e-12
903,3.004352442675024e-17,5.654784513511255e-12,-3.895257417230636e-12
904,6.289593018575352e-17,7.993295676328836e-12,-5.505961932542743e-12
905,8.2604362321902e-17,9.7915679033995e-12,-6.744499941552515e-12
906,-2.3835246214482053e-11,-9.909026694627095e-13,-5.352236606557691e-13
907,3.325854543249589e-11,1.1265172565336798e-11,-3.1911542559109775e-11
908,6.2891753738159966e-12,-1.6895889990735413e-11,1.7109838040017935e-11
909,5.561521726568613e-17,7.997161459937285e-12,-5.509503880764305e-12
910,-6.822787182428616e-17,-6.7495696049223794e-12,-8.991860591485766e-12
911,6.712152290473748e-18,1.044139109978848e-11,-8.084758539952226e-12
912,-6.499550781658143e-17,-6.747874899180777e-12,-8.989636713070727e-12
913,3.3296208972634636e-11,1.1277877059254435e-11,-3.1947717388340473e-11
914,6.147489651179938e-10,-1.1484428688479458e-09,-4.230329942975772e-09
915,5.200111057710669e-18,8.527194186561253e-12,-6.602574031655908e-12
916,-6.319124367244691e-12,1.4080516526353758e-11,5.979101098903403e-12
917,-8.406314865510209e-12,1.6921973782804496e-12,2.581052017167121e-12
918,-5.124374355734212e-12,4.761543701432999e-12,-1.3485208007704798e-12
919,-1.7931651226912205e-11,1.4181754467665133e-11,1.5496117171148993e-11
920,1.7105769564527262e-18,-6.560860053545801e-12,-8.485510079959557e-12
921,-1.9203527848414742e-11,-3.0868310562666463e-12,-8.910843591278089e-12
922,3.720516157315877e-12,1.5189746360773404e-16,-1.7264131045259893e-16
923,5.554170894091101e-17,7.998720917481107e-12,-5.509837961293501e-12
924,-5.24581037645496e-12,-2.2734182407290142e-11,1.9615141847435705e-14
925,6.145203005918088e-10,-1.1480156126450653e-09,-4.228755507870117e-09
926,-5.241700736323391e-12,-2.271303505806666e-11,1.8773050685252733e-14
927,7.458284447425714e-17,-1.0344154746369915e-11,5.494416984103762e-12
928,-2.30112859285394e-11,1.4912870425369264e-11,-9.533795226570788e-12
929,1.3582811604519426e-15,-1.5722074826579918e-11,2.9324527619456075e-11
930,5.400807356034962e-12,-8.858456253605665e-11,-1.0364249121993089e-10
931,2.2685173892489466e-18,-5.350906881397172e-12,-6.920770554016908e-12
932,-6.272543668441784e-12,5.828343261697691e-12,-1.65055045140324e-12
933,6.317253568684763e-17,-1.2658856885519007e-11,6.723773293289319e-12
934,-9.310066928211137e-12,-2.862060070231267e-11,2.941377683183501e-12
935,-2.100049741675233e-11,-1.6430658406097672e-11,-2.423508561977046e-13
936,1.4250274340495592e-11,-2.316806816819209e-16,-1.2365629566120632e-16
937,1.6667490350354643e-11,-5.830497068928588e-12,-5.378095278707918e-12
938,-6.630613515381919e-12,1.0133033893465514e-11,6.798523219467568e-12
939,1.666602598486662e-11,-5.830106366139858e-12,-5.37773906865485e-12
940,-8.952032578248766e-12,1.9947126968850616e-11,8.470705613588858e-12
941,1.3602547100977287e-11,-4.758483281628676e-12,-4.38924313350562e-12
942,4.0181180458137305e-12,-7.321318218201884e-12,1.92101951028771e-11
943,3.768314423036412e-17,5.66465357778221e-12,-3.902249292070818e-12
944,5.986439741637251e-17,8.006259863157126e-12,-5.51492997557004e-12
945,7.107452691539476e-17,9.79812972747336e-12,-6.7492413786778906e-12
946,-1.2325033994841336e-13,-3.4243840697665425e-11,2.3224725971899508e-11
947,7.63698562882471e-17,9.798954277771394e-12,-6.749815818050376e-12
948,4.5941006898949544e-17,7.986300737351719e-12,-5.501545565613767e-12
949,6.719251120203808e-17,7.990716190757154e-12,-5.504856652483792e-12
950,8.443921806249291e-17,9.801310574574563e-12,-6.75155243411533e-12
951,1.919967129819101e-11,6.503371084551128e-12,-1.8422159650637078e-11
952,4.442366004361678e-18,8.515425814036526e-12,-6.593472201523373e-12
953,7.665766354061172e-17,9.790514991747651e-12,-6.7439911995138675e-12
954,8.935312516793407e-17,9.790084366080977e-12,-6.7438963122560325e-12
955,7.563222933553262e-17,9.796660902256293e-12,-6.74827304561037e-12
956,5.485971907205192e-17,7.995349533780916e-12,-5.50746768109238e-12
957,6.437615672714198e-17,7.993886489854324e-12,-5.5064808740213265e-12
958,5.829037217554682e-17,8.003964578054725e-12,-5.512752286250259e-12
959,-4.197137522935751e-17,-3.901169649117728e-12,-5.19749297291242e-12
960,6.850789631693195e-17,9.796862351675122e-12,-6.74766845386227e-12
961,0.0,0.0,0.0
962,6.321386260112724e-17,9.790978068115134e-12,-6.743873208930983e-12
963,6.847228420867391e-12,1.0752526438082923e-17,9.625586153208087e-18
964,-3.7945670429506854e-11,-1.1600568170045646e-16,-1.5912502725289733e-16
965,-3.7947497367447456e-11,-1.1600931795444727e-16,-1.5913036743316087e-16
966,-5.3816162061406044e-17,-5.520840718658865e-12,-7.354664218035218e-12
967,8.48524026301753e-17,9.783877971382638e-12,-6.7394806772535064e-12
968,-5.433358022488866e-12,-1.2792988540850326e-11,-1.084627066721893e-11
969,0.0,0.0,0.0
970,-1.461243999503078e-11,1.1556306857427672e-11,1.2627621693202653e-11
971,-2.1905587800502313e-11,-6.696657389255059e-17,-9.185843264700742e-17
972,5.304048098068242e-17,5.653585291933433e-12,-3.8941296664427914e-12
973,1.2186718777985726e-13,-1.1462023080771417e-10,1.1953303677944877e-10
974,-6.571072555585679e-17,-6.747691342739604e-12,-8.989815493902134e-12
975,0.0,0.0,0.0
976,3.9742047933749175e-12,2.8838031643421257e-12,-3.3801568393769772e-12
977,-5.112219761917512e-12,4.7502998164661416e-12,-1.3450199254522968e-12
978,7.718023622622931e-17,9.791340904375387e-12,-6.7452297606884436e-12
979,1.5089634895968902e-11,4.6267148676330485e-12,6.812904528422522e-12
980,-1.0958516526719197e-11,2.44180706330413e-11,1.0369163708404975e-11
981,-6.285382762990132e-12,5.8403852010689795e-12,-1.6537549394846451e-12
982,-1.0960585338607573e-11,2.442290609625482e-11,1.0370792921167839e-11
983,-6.333721244227062e-12,1.4112804218254915e-11,5.993203263140829e-12
984,-4.604735056898983e-12,-2.4859289409685993e-11,-9.570385307243382e-12
985,6.426319092382024e-17,2.7838438622407647e-12,3.888965811429764e-12
986,-7.98208464346483e-12,-4.30923002739631e-11,-1.6589680760096902e-11
987,7.892481791536724e-17,-1.2667220673363593e-11,6.728211975045919e-12
988,-7.981336246727855e-12,-4.308829234299764e-11,-1.6587983059424713e-11
989,-9.190476396228786e-16,6.168981136059385e-14,-5.602862103378643e-12
990,-9.229340269788139e-16,6.169546427982333e-14,-5.598573209894359e-12
991,-1.3180393589334543e-11,-4.051840704395662e-11,4.1643922860699795e-12
992,0.0,0.0,0.0
993,1.4250194538318189e-11,-2.5643176256375853e-16,-2.546119303201107e-16
994,1.6666733553371655e-11,-5.8305465069206264e-12,-5.378047429431273e-12
995,8.04033320360744e-18,-6.5515629410121754e-12,-8.473531359559068e-12
996,3.8188762837023176e-17,-6.558761384934178e-12,-8.48289274654708e-12
997,-8.948379745447299e-12,1.9938975943122125e-11,8.467080427617673e-12
998,1.4802022183167977e-17,-6.556452121518211e-12,-8.47983383888356e-12
999,7.045129131801801e-17,9.79803556820982e-12,-6.749399219167256e-12
1000,-5.295280805923301e-17,-5.504024061752111e-12,-7.332739743241379e-12
1001,-8.952876500967335e-12,1.9949059600688004e-11,8.471224154529454e-12
1002,-1.0963555882123198e-11,2.4429452635222505e-11,1.0373718293222129e-11
1003,7.917263722813704e-17,9.788041730280394e-12,-6.742810374819672e-12
1004,-7.030435938226618e-12,1.5588457692788788e-18,2.220771200979584e-18
1005,8.429275545412794e-17,9.794380977351955e-12,-6.74654659613338e-12
1006,-7.276537353257485e-17,-6.764844528456964e-12,-9.012035854093456e-12
1007,9.677025403669129e-12,2.6682766636661317e-17,5.2194012852595133e-17
1008,0.0,0.0,0.0
1009,1.4921579880042685e-13,-1.4044255686122564e-10,1.4646155064547267e-10
1010,3.2256462462582856e-17,5.65741465525614e-12,-3.896579395930453e-12
1011,-7.0307815882844885e-12,1.5582126437500018e-18,2.2199335750552066e-18
1012,-3.099382159488435e-11,-9.474911849709384e-17,-1.2996798849425624e-16
1013,0.0,0.0,0.0
1014,-3.0982173083013604e-11,-9.471015780009186e-17,-1.2991512748206832e-16
1015,-3.793917078703666e-11,-1.1598734475570996e-16,-1.5909953401324453e-16
1016,7.812253900338628e-12,4.067839325361288e-19,1.2465979276786323e-19
1017,-4.965363365801313e-12,1.1007981474529107e-18,1.5682529598922697e-18
1018,7.812890088867275e-12,4.059538579774292e-19,1.2350703758707658e-19
1019,6.053436721109216e-17,5.641757591871389e-12,-3.886301752759884e-12
1020,6.838040644463106e-12,2.671849878819025e-17,6.450675841383706e-17
1021,4.8424903011036647e-17,5.6548052317489984e-12,-3.89481057187708e-12
1022,3.976642751515823e-12,2.8855870305591815e-12,-3.382301956378999e-12
1023,9.554477452222537e-12,4.961416538570557e-19,1.5063194046101647e-19
1024,5.509219386914685e-12,2.861013007096645e-19,8.688085918843098e-20
1025,7.632770683878117e-17,7.988464318988677e-12,-5.5027109208160686e-12
1026,8.620348770516858e-14,-8.106998949219999e-11,8.4544807344311e-11
1027,5.182535505144844e-17,8.002526868640448e-12,-5.512443152268241e-12
1028,-3.5093534706904116e-17,-3.901637067230324e-12,-5.1976263504315026e-12
1029,6.146342703293622e-10,-1.1482283161571284e-09,-4.2295399255917136e-09
1030,-7.110512615574455e-18,-6.556500481131099e-12,-8.479815025324211e-12
1031,-1.9207157937353365e-11,-3.08731133545158e-12,-8.912504606443412e-12
1032,0.0,0.0,0.0
1033,1.5503523044184586e-17,-3.792886740437694e-12,-4.905550172518036e-12
1034,3.889696349334054e-11,1.8947499470722515e-11,1.6994027375289917e-12
1035,-6.2824203473197785e-12,5.8377282852206855e-12,-1.6535748167182802e-12
1036,-6.283736504071386e-12,5.8389491813695325e-12,-1.653743924926191e-12
1037,6.745413902226264e-17,-1.26764924520653e-11,6.733052524608895e-12
1038,-1.3180211192749834e-11,-4.0517817114931834e-11,4.164533114219657e-12
1039,0.0,0.0,0.0
1040,4.4106590665861304e-12,-7.234324921294708e-11,-8.464094843963675e-11
1041,8.069726172437349e-17,9.779660854373771e-12,-6.737874806421329e-12
1042,0.0,0.0,0.0
1043,1.615713627066926e-11,-1.8466671973085714e-12,-2.686456427957556e-12
1044,3.0439776272302686e-18,8.536112927968371e-12,-6.609484355617179e-12
1045,-6.145324160358043e-17,-6.7544414685141335e-12,-8.998287868809126e-12
1046,1.8490700268194934e-11,5.669456191708875e-12,8.348552612469486e-12
1047,0.0,0.0,0.0
1048,6.038027195876397e-17,9.788976640800921e-12,-6.743702505790227e-12
1049,2.4015080675951297e-13,-1.8050949637014918e-11,1.75081774637984e-11
1050,3.400427859605894e-13,-2.555121418050213e-11,2.4782703124715533e-11
1051,3.4003476959457316e-13,-2.553936555253258e-11,2.4771273399616854e-11
1052,6.269794764376389e-17,7.996628996812652e-12,-5.508380040625554e-12
1053,1.716433491843717e-09,-1.8587175124010924e-10,-5.383080171446012e-10
1054,7.943302920850368e-17,9.792353929212757e-12,-6.7453641934615915e-12
1055,-8.956935195887838e-12,1.9958201186059777e-11,8.474987094105399e-12
1056,4.1830372160850287e-13,-5.259563249664488e-12,1.1301765921445587e-11
1057,-5.803590151232645e-17,-5.505301940592439e-12,-7.334366916008639e-12
1058,-6.320670124241997e-17,-6.762840202072329e-12,-9.009416605760805e-12
1059,-1.7717896512933981e-12,2.4526046099120904e-12,-5.257365297186779e-12
1060,-4.964901573662846e-12,1.1004470211768503e-18,1.5677496585200126e-18
1061,0.0,0.0,0.0
1062,-2.506381148792877e-12,3.469520698356534e-12,-7.437563568774486e-12
1063,-7.076286436836119e-17,-6.760428505286156e-12,-9.006090266753551e-12
1064,0.0,0.0,0.0
1065,-6.133152507214856e-17,-6.738615094089558e-12,-8.977750870213034e-12
1066,-7.122824481703732e-17,-6.76144266919256e-12,-9.007429515816807e-12
1067,0.0,0.0,0.0
1068,-2.318127305376075e-12,-6.529011587910935e-12,-6.8318025594382955e-12
1069,-3.625512869786718e-12,3.36882349897595e-12,-9.538715757826017e-13
1070,5.844048715430861e-17,8.003440370927802e-12,-5.513067215528356e-12
1071,-2.309080831101042e-11,1.4964421659881087e-11,-9.566850312603523e-12
1072,-4.9129232788559636e-17,-5.517007731990598e-12,-7.34993205496029e-12
1073,-6.868994888179425e-17,-2.590497276593991e-12,-4.047158241699393e-15
1074,-1.016081147775724e-16,-2.590760505448526e-12,-4.0004571226733416e-15
1075,-6.282200529824186e-12,5.837571425997745e-12,-1.653318368822409e-12
1076,3.720538550766035e-12,-1.1311823091973175e-16,2.313111019585426e-16
1077,-9.515435851006264e-19,-6.561241869904171e-12,-8.486237052821664e-12
1078,4.9388523529923956e-12,-1.1669336141391685e-11,1.6826373919274524e-12
1079,4.177232788327703e-13,-5.252025405119116e-12,1.1285183875565132e-11
1080,-1.7146794252295116e-11,-1.34153884514804e-11,-1.981150502681611e-13
1081,0.0,0.0,0.0
1082,0.0,0.0,0.0
1083,4.2127243319000356e-16,1.4453956893267387e-09,-7.023846735243636e-10
1084,4.198916038566811e-16,1.4455142998051183e-09,-7.024422820692227e-10
1085,4.1645223770966166e-16,1.4460155297046153e-09,-7.026858582585236e-10
1086,3.6598900675815943e-16,-3.032788645618674e-11,7.27741136735186e-11
1087,0.0,0.0,0.0
1088,-3.45218955134186e-13,-1.5979558560377166e-11,2.308765727398502e-11
1089,-3.4517898108916256e-13,-1.597617082884934e-11,2.3082633326491184e-11
1090,1.817333972596732e-11,-9.547895916381287e-12,-2.204463187341765e-11
1091,0.0,0.0,0.0
1092,5.51677519239493e-13,-1.4508139475800108e-11,3.891576900615407e-11
1093,1.8209930331901144e-11,-9.567262637472011e-12,-2.2088699114000584e-11
1094,4.2030151926787256e-16,1.4452880045179057e-09,-7.023323554736749e-10
1095,2.2228600452443623e-11,-1.1678546230281511e-11,-2.696343642094299e-11
1096,-4.230102631879972e-13,-1.958112132738095e-11,2.8290908396597872e-11
1097,-2.4364562434138276e-13,-1.1276036919317999e-11,1.629134831970308e-11
1098,5.510890360838586e-13,-1.4492166864491812e-11,3.887328868489582e-11
1099,-1.4690261460829992e-11,1.1336861748219238e-11,-5.02707186963568e-11
1100,-3.447505858804908e-13,-1.595715667141856e-11,2.305458700950114e-11
1101,1.2619389977871784e-17,-5.350719506244875e-12,-6.920995707994284e-12
1102,-3.782384753779301e-13,1.0905535588315095e-11,1.4858191556412665e-11
1103,-5.904499814649398e-17,-5.504879837024701e-12,-7.33371554613051e-12
1104,-6.438447000782287e-12,-2.7902167410298133e-11,2.4060518586569563e-14
1105,-4.227479293205122e-13,-1.9568863701100748e-11,2.8272683769783168e-11
1106,-6.44035740078768e-12,-2.7910284042689628e-11,2.395041554372231e-14
1107,7.075198086711961e-13,4.6917709673726744e-11,-4.036209445793811e-11
1108,5.7965299118500885e-18,-3.784348896943877e-12,-4.894861123128386e-12
1109,7.215575932373933e-13,-9.072540879267295e-12,1.9495098788247643e-11
1110,-8.960240312580485e-12,1.99653850681911e-11,8.47885388011587e-12
1111,7.221840575672384e-13,-9.080281064537898e-12,1.9511806901935727e-11
1112,-8.954493308016667e-12,1.9952582940140375e-11,8.473272578357885e-12
1113,1.0336237811280494e-12,1.890934489928568e-11,-2.674175620982592e-11
1114,-6.478526503477788e-12,-3.497493603722212e-11,-1.3465078985963316e-11
1115,7.534930998839981e-17,-1.2650525460538878e-11,6.730122497287452e-12
1116,-5.5081796270119155e-12,-2.875591885286384e-12,4.3043307313035833e-13
1117,-7.77347557438381e-12,-4.058122865458902e-12,6.07446282051738e-13
1118,6.115484239044443e-12,1.683432636414131e-11,1.6743068359317008e-11
1119,-3.5349726480178837e-17,-3.7332024095672865e-12,-4.9744615959308234e-12
1120,5.728627903548621e-12,-1.0958814493982688e-11,-4.06628622143822e-12
1121,5.728572502885272e-12,-1.0958711789025205e-11,-4.06624688718142e-12
1122,4.351965759939611e-12,1.1979726953870355e-11,1.1914735698986348e-11
1123,7.493821110013343e-12,2.0628286136094385e-11,2.0516502004409565e-11
1124,0.0,0.0,0.0
1125,7.211909664133393e-13,-9.068445491024021e-12,1.948615691213672e-11
1126,-9.510004392583719e-12,-4.964431500181064e-12,7.433433568167409e-13
1127,-7.76932218979014e-12,-4.0558819562489054e-12,6.074398134722985e-13
1128,-2.6370992678575383e-12,7.329947878824877e-12,1.3847036766815716e-11
1129,-2.6371666817089847e-12,7.329818286288167e-12,1.3847186944231041e-11
1130,8.839768680953135e-13,2.0299257172201178e-11,-1.1801595385530072e-11
1131,-1.6174763886062148e-12,-1.497544283389757e-11,-7.100614497339975e-12
1132,0.0,0.0,0.0
1133,5.496323740026395e-13,-1.4453839355542655e-11,3.8770263644024396e-11
1134,1.2518998178227324e-12,2.8748693213409088e-11,-1.6713934460226138e-11
1135,3.8866893919222664e-13,-1.0220729901126047e-11,2.741566241095496e-11
1136,2.9280809150192285e-16,-3.034140949181279e-11,7.280649130285741e-11
1137,3.83344549412253e-16,-3.042941476822046e-11,7.301755032487058e-11
1138,6.905356287509437e-17,-1.2667751365873479e-11,6.728773045184874e-12
1139,7.482102748697594e-17,-1.2664414322891106e-11,6.728610874713591e-12
1140,9.111353422443936e-17,-1.2684714582511677e-11,6.737748024449414e-12
1141,5.673030707673844e-17,-1.0350727454429774e-11,5.497983247051595e-12
1142,-2.666843000046796e-10,2.42227706513848e-08,-2.413951744809316e-09
1143,0.0,0.0,0.0
1144,-3.91059067231742e-17,-3.896677128207817e-12,-5.191132905192912e-12
1145,0.0,0.0,0.0
1146,-5.132151936381971e-12,4.768825014078995e-12,-1.3507613945104407e-12
1147,2.7200981757056962e-11,9.21359060050285e-12,-2.609940482033406e-11
1148,7.623899221149058e-17,9.799024941033104e-12,-6.749978454328191e-12
1149,-6.002989596389784e-17,-5.4680687690930845e-12,-7.285910230396244e-12
1150,5.076071067600116e-12,1.6227465712101768e-11,-1.032661842767239e-11
1151,1.2897733158380671e-11,-6.776548634768632e-12,-1.5645549514299602e-11
1152,-5.776278691655753e-17,-5.5229379211055185e-12,-7.357668885704548e-12
1153,-3.6256035837480193e-12,3.368863842037928e-12,-9.543127861611411e-13
1154,7.368378316726542e-17,9.786082481533944e-12,-6.742263364388568e-12
1155,-1.8041715021212686e-11,6.471454340841974e-12,-1.074841958144305e-11
1156,7.415103699511183e-17,9.796234639930185e-12,-6.748492266676217e-12
1157,-1.8053650451078266e-11,6.4767311578573384e-12,-1.07556956011507e-11
1158,4.5868384735289965e-17,5.660744267200093e-12,-3.8998236768626265e-12
1159,5.91021077153245e-17,9.783059161841586e-12,-6.7386843503254404e-12
1160,4.4635648965403065e-17,5.659080720526959e-12,-3.89844341861069e-12
1161,-1.8048749768821114e-11,6.474882268339248e-12,-1.0752776067621172e-11
1162,-1.804973019164637e-11,6.474998685196981e-12,-1.0753306522543936e-11
1163,8.899338119099355e-17,9.798410365379678e-12,-6.749985655622547e-12
1164,0.0,0.0,0.0
1165,8.091952882580596e-17,9.80288436545055e-12,-6.753283109645926e-12
1166,6.278322300006167e-17,8.007137569836656e-12,-5.516191202664547e-12
1167,-2.1239065784499864e-16,-3.664218536681191e-12,-5.289290411812257e-15
1168,9.088747878971527e-17,9.800011400265781e-12,-6.750923902193469e-12
1169,8.70043437899816e-12,-7.27684272712865e-11,4.132624163660534e-11
1170,6.059878593288407e-12,-1.4317743503870467e-11,2.065044273020317e-12
1171,6.056749668502939e-12,-1.4310436700067327e-11,2.0638944434684665e-12
1172,6.765685290807066e-17,-1.26745341354611e-11,6.732290496219888e-12
1173,-2.8475571456113545e-12,-3.0867724603148523e-13,9.499680937152616e-14
1174,-1.714991369668441e-11,-1.341778644854729e-11,-1.9804119514505034e-13
1175,0.0,0.0,0.0
1176,-2.8474037408919404e-12,-3.0860134730972813e-13,9.509163867247889e-14
1177,-5.135063034442387e-12,4.771701021417964e-12,-1.3513101425616917e-12
1178,3.497587232427223e-12,-8.26374596723765e-12,1.1918158630173733e-12
1179,-3.636736771956919e-12,3.379430777574324e-12,-9.57011135801832e-13
1180,-5.896821286958339e-17,-5.521505500147799e-12,-7.355863275016771e-12
1181,-1.9567283114274403e-11,-8.135513483686644e-13,-4.3934034586276456e-13
1182,-6.4421032281418614e-12,-2.791522899590587e-11,2.3200385435310766e-14
1183,-1.509460325213615e-16,-3.66517777187921e-12,-5.112331588746865e-15
1184,-1.6343865492949686e-16,-4.488326758265337e-12,-6.1584481154523716e-15
1185,2.4561320420902198e-17,-2.2748126546773128e-11,7.167639010537324e-12
1186,4.504132684984958e-17,5.656467072966685e-12,-3.8966298219724855e-12
1187,-1.9993452168100616e-16,-4.489195693001971e-12,-6.392907662598291e-15
1188,6.387055267085164e-17,7.984863214928863e-12,-5.5000773341297e-12
1189,-6.379711650989508e-12,2.70737163770109e-12,1.6759789221623396e-11
1190,0.0,0.0,0.0
1191,-1.7323984709368726e-16,-4.488820524448621e-12,-6.532348759564391e-15
1192,3.605500565847163e-14,-1.1549342616581474e-11,6.620652987868353e-12
1193,6.472293673442451e-17,8.002664750193483e-12,-5.512883398534962e-12
1194,-1.8057679071234715e-11,6.477699527605621e-12,-1.0758054183843443e-11
1195,3.550064360329473e-17,5.656659981528439e-12,-3.896711536665515e-12
1196,-1.804665949070265e-11,6.474134061143909e-12,-1.0751608051514047e-11
1197,-9.009319532256591e-17,-2.58623921324251e-12,-3.948899458929202e-15
1198,0.0,0.0,0.0
1199,6.78107370834829e-17,9.797259485672756e-12,-6.749174617999716e-12
1200,6.053793297132929e-12,-1.4303927388730532e-11,2.0623578938164668e-12
1201,-2.212096057553899e-11,7.935100021076398e-12,-1.3178816079397758e-11
1202,-1.7499586827788298e-16,-4.486727317787747e-12,-6.5708895515502464e-15
1203,-5.2390767870627204e-12,-2.2704835042655254e-11,1.9412049575543974e-14
1204,6.061328212613872e-12,-1.4321087279975556e-11,2.0654773291954616e-12
1205,-6.436353754303462e-12,-2.7893684542980583e-11,2.4342001673707644e-14
